id	descricao	nome	unidade	preco	preco_venda	atacado	preco_atacado	Qtde_Atacado	preco_promocao	data_Promocao	inicio_promocao	ICMS	NCM	CTS	estoque	estoqueminimo	ctrlEstoque	vender_inteiro	pro_individual	UsarBalanca	grupo	Subgrupo	marca	categoria	temanho	ForaDeUso	Validade	TipoRelatorio	Lucro	comissao	foto	obs	fornecedor	idFornecedor	status	cozinha	idcategoria	CriaBotao	imagem	grade	obsText
0	TAXA ENTREGA	NULL	UNID	0.00	5.00	5.00	5.000	0	0.00	NULL	NULL	NULL	0	0	1.000	0.000	1	0	1	0	NULL	NULL	NULL	NULL	NULL	SIM	NULL	NULL	5.00	NULL	NULL	NULL	PADRAO	0	0	0	NULL	1	NULL	0	NULL
1	PANO DE PRATO	NULL	UNID	2.50	5.50	5.50	5.500	0	0.00	06/07/2024	06/07/2024	NULL	0	0	18.000	0.000	0	0	1	0	PADR├âO	PADR├âO	PADR├âO	PADR├âO	PADR├âO	N├âO	NULL	NULL	3.00	0.00	NULL			0	0	0	3	1	1.jpg	0	NULL
2	CLORO 1 LITRO	NULL	UNID 	2.74	8.00	8.00	8.000	0	0.00	25/06/2024	25/06/2024	NULL	0	0	0.000	5.000	0	0	0	0	PADR├âO	PADR├âO	PADR├âO	PADR├âO	PADR├âO	N├âO	NULL	NULL	5.26	0.00	NULL			0	0	0	3	1	sem_imagem.png	0	NULL
3	CLORO 5 LITROS	NULL	UNID	5.96	24.90	24.90	24.900	0	0.00	25/06/2024	25/06/2024	NULL	0	0	-7.000	0.000	2	0	0	0	PADR├âO	PADR├âO	PADR├âO	PADR├âO	PADR├âO	SIM	NULL	NULL	18.94	0.00	NULL			0	0	0	0	1	sem_imagem.png	0	NULL
4	ODORIZANTE PARA CARRO VANILLA (ROXO)	NULL	UNID	4.00	10.00	10.00	10.000	0	0.00	11/06/2026	11/06/2026	NULL	0	0	12.000	0.000	0	0	0	0	PADR├âO	PADR├âO	PADR├âO	PADR├âO	PADR├âO	N├âO	NULL	NULL	6.00	0.00	NULL			0	0	0	3	1	sem_imagem.png	0	NULL
5	HOME SPRAY BAUNILHA	NULL	UNID	8.60	16.00	16.00	16.000	0	0.00	11/08/2026	11/08/2026	NULL	0	0	1.000	0.000	0	0	0	0	PADR├âO	PADR├âO	PADR├âO	PADR├âO	PADR├âO	N├âO	NULL	NULL	7.40	0.00	NULL			0	0	0	0	1	sem_imagem.png	0	NULL
7	CLORO 2 LITROS	NULL	UNID	3.97	15.00	15.00	15.000	100	12.00	15/08/2026	12/08/2026	NULL	0	0	9.000	0.000	0	0	1	0	PADR├âO	PADR├âO	PADR├âO	PADR├âO	PADR├âO	N├âO	NULL	NULL	11.03	0.00	NULL			0	0	0	3	1	7.jpg	0	NULL
9	MARIDAO 2 LITROS	NULL	UNID	1.67	10.00	10.00	10.000	0	0.00	25/06/2024	25/06/2024	NULL	0	0	8.000	0.000	0	0	0	0	PADR├âO	PADR├âO	PADR├âO	PADR├âO	PADR├âO	N├âO	NULL	NULL	8.33	0.00	NULL			0	0	0	3	1	sem_imagem.png	0	NULL
10	MARIDAO 5 LITROS	NULL	UNID	3.49	20.00	20.00	20.000	0	0.00	25/06/2024	25/06/2024	NULL	0	0	0.000	0.000	0	0	0	0	PADR├âO	PADR├âO	PADR├âO	PADR├âO	PADR├âO	N├âO	NULL	NULL	16.51	0.00	NULL			0	0	0	3	1	sem_imagem.png	0	NULL
11	SOLUPAM 1 LITRO	NULL	UNID	1.80	10.00	10.00	10.000	0	0.00	25/06/2024	25/06/2024	NULL	0	0	1.000	0.000	0	0	0	0	PADR├âO	PADR├âO	PADR├âO	PADR├âO	PADR├âO	N├âO	NULL	NULL	8.20	0.00	NULL			0	0	0	3	1	sem_imagem.png	0	NULL
12	SOLUPAM 2 LITROS	NULL	UNID	2.88	18.00	18.00	18.000	0	0.00	25/06/2024	25/06/2024	NULL	0	0	12.000	0.000	0	0	0	0	PADR├âO	PADR├âO	PADR├âO	PADR├âO	PADR├âO	N├âO	NULL	NULL	15.12	0.00	NULL			0	0	0	3	1	sem_imagem.png	0	NULL
13	SOLUPAM 5 LITROS	NULL	UNID	6.50	39.90	39.90	39.900	0	0.00	25/06/2024	25/06/2024	NULL	0	0	2.000	0.000	0	0	0	0	PADR├âO	PADR├âO	PADR├âO	PADR├âO	PADR├âO	N├âO	NULL	NULL	33.40	0.00	NULL			0	0	0	3	1	sem_imagem.png	0	NULL
15	LIMPA PEDRA 2 LITROS	NULL	UNID	4.53	18.00	18.00	18.000	0	0.00	25/06/2024	25/06/2024	NULL	0	0	5.000	0.000	0	0	0	0	PADR├âO	PADR├âO	PADR├âO	PADR├âO	PADR├âO	N├âO	NULL	NULL	13.47	0.00	NULL			0	0	0	3	1	sem_imagem.png	0	NULL
16	LIMPA PEDRA 5 LITROS	NULL	UNID	10.64	39.90	39.90	39.900	0	0.00	25/06/2024	25/06/2024	NULL	0	0	1.000	0.000	0	0	0	0	PADR├âO	PADR├âO	PADR├âO	PADR├âO	PADR├âO	N├âO	NULL	NULL	29.26	0.00	NULL			0	0	0	3	1	sem_imagem.png	0	NULL
17	SABAO LIQUIDO ARIEX 2 LITROS	NULL	UNID	4.23	14.00	14.00	14.000	0	0.00	25/06/2024	25/06/2024	NULL	0	0	4.000	0.000	0	0	0	0	PADR├âO	PADR├âO	PADR├âO	PADR├âO	PADR├âO	N├âO	NULL	NULL	9.77	0.00	NULL			0	0	0	3	1	sem_imagem.png	0	NULL
18	CLORO 5 LITROS	NULL	UNID	11.18	28.00	28.00	28.000	100	25.00	15/08/2026	12/08/2026	NULL	0	0	11.000	0.000	0	0	1	0	PADR├âO	PADR├âO	PADR├âO	PADR├âO	PADR├âO	N├âO	NULL	NULL	16.82	0.00	NULL			0	0	0	3	1	18.jpg	0	NULL
20	ALCOOL GEL 1 LITRO	NULL	UNID	0.00	16.99	16.99	16.990	0	0.00	31/03/2025	31/03/2025	NULL	0	0	0.000	0.000	0	0	0	0	PADR├âO	PADR├âO	PADR├âO	PADR├âO	PADR├âO	N├âO	NULL	NULL	16.99	0.00	NULL			0	0	0	0	1	sem_imagem.png	0	NULL
21	DESINFETANTE CASA LIMPA 2L	NULL	UNID	2.11	6.50	6.50	6.500	0	0.00	26/06/2024	26/06/2024	NULL	0	0	1.000	5.000	0	0	0	0	PADR├âO	PADR├âO	PADR├âO	PADR├âO	PADR├âO	N├âO	NULL	NULL	4.39	0.00	NULL			0	0	0	3	1	sem_imagem.png	0	NULL
22	DESINFETANTE FLORAL 2L	NULL	UNID	1.93	6.50	6.50	6.500	0	0.00	26/06/2024	26/06/2024	NULL	0	0	3.000	5.000	0	0	0	0	PADR├âO	PADR├âO	PADR├âO	PADR├âO	PADR├âO	N├âO	NULL	NULL	4.57	0.00	NULL			0	0	0	3	1	sem_imagem.png	0	NULL
23	DESINFETANTE LAVANDA 2L	NULL	UNID	1.93	6.50	6.50	6.500	0	0.00	26/06/2024	26/06/2024	NULL	0	0	7.000	5.000	0	0	0	0	PADR├âO	PADR├âO	PADR├âO	PADR├âO	PADR├âO	N├âO	NULL	NULL	4.57	0.00	NULL			0	0	0	3	1	sem_imagem.png	0	NULL
24	DESINFETANTE CAPIM LIMAãÆO 2L	NULL	UNID	2.11	6.50	6.50	6.500	0	0.00	26/06/2024	26/06/2024	NULL	0	0	7.000	5.000	1	0	0	0	PADR├âO	PADR├âO	PADR├âO	PADR├âO	PADR├âO	N├âO	NULL	NULL	4.39	0.00	NULL			0	0	0	3	1	sem_imagem.png	0	NULL
25	DESINFETANTE CITRONELA 2L	NULL	UNID	2.11	6.50	6.50	6.500	0	0.00	26/06/2024	26/06/2024	NULL	0	0	2.000	5.000	0	0	0	0	PADR├âO	PADR├âO	PADR├âO	PADR├âO	PADR├âO	N├âO	NULL	NULL	4.39	0.00	NULL			0	0	0	3	1	sem_imagem.png	0	NULL
26	DESINFETANTE EUCALIPTO 2 LITROS	NULL	UNID	1.93	6.50	6.50	6.500	0	0.00	26/06/2024	26/06/2024	NULL	0	0	2.000	5.000	0	0	0	0	PADR├âO	PADR├âO	PADR├âO	PADR├âO	PADR├âO	N├âO	NULL	NULL	4.57	0.00	NULL			0	0	0	3	1	sem_imagem.png	0	NULL
27	DESINFETANTE PINHO SOL 2L	NULL	UNID	2.11	6.50	6.50	6.500	0	0.00	26/06/2024	26/06/2024	NULL	0	0	1.000	5.000	0	0	0	0	PADR├âO	PADR├âO	PADR├âO	PADR├âO	PADR├âO	N├âO	NULL	NULL	4.39	0.00	NULL			0	0	0	3	1	sem_imagem.png	0	NULL
28	DESINFETANTE KAIAK 2L	NULL	UNID	1.93	6.50	6.50	6.500	0	0.00	26/06/2024	26/06/2024	NULL	0	0	7.000	5.000	0	0	0	0	PADR├âO	PADR├âO	PADR├âO	PADR├âO	PADR├âO	N├âO	NULL	NULL	4.57	0.00	NULL			0	0	0	3	1	sem_imagem.png	0	NULL
30	DESINFETANTE REVEILLON 2 LITROS	NULL	UNID	1.93	6.50	6.50	6.500	0	0.00	26/06/2024	26/06/2024	NULL	0	0	6.000	5.000	0	0	0	0	PADR├âO	PADR├âO	PADR├âO	PADR├âO	PADR├âO	N├âO	NULL	NULL	4.57	0.00	NULL			0	0	0	3	1	sem_imagem.png	0	NULL
31	DESINFETANTE TALCO 2 LITROS	NULL	UNID	1.93	6.50	6.50	6.500	0	0.00	26/06/2024	26/06/2024	NULL	0	0	5.000	5.000	0	0	0	0	PADR├âO	PADR├âO	PADR├âO	PADR├âO	PADR├âO	N├âO	NULL	NULL	4.57	0.00	NULL			0	0	0	3	1	sem_imagem.png	0	NULL
32	DESINFETANTE NATUREZA 2L	NULL	UNID	2.11	6.20	6.20	6.200	0	0.00	26/06/2024	26/06/2024	NULL	0	0	5.000	5.000	0	0	1	0	PADR├âO	PADR├âO	PADR├âO	PADR├âO	PADR├âO	N├âO	NULL	NULL	4.09	0.00	NULL			0	0	0	3	1	sem_imagem.png	0	NULL
33	DESINFETANTE KAIAK 5 LITROS	NULL	UNID	7.42	12.00	12.00	12.000	0	0.00	26/06/2024	26/06/2024	NULL	0	0	2.000	5.000	1	0	1	0	PADR├âO	PADR├âO	PADR├âO	PADR├âO	PADR├âO	N├âO	NULL	NULL	4.58	0.00	NULL			0	0	0	3	1	sem_imagem.png	0	NULL
34	DESINFETANTE EUCALIPTO 5 LITROS	NULL	UNID	4.12	11.50	11.50	11.500	0	0.00	26/06/2024	26/06/2024	NULL	0	0	0.000	5.000	0	0	0	0	PADR├âO	PADR├âO	PADR├âO	PADR├âO	PADR├âO	N├âO	NULL	NULL	7.38	0.00	NULL			0	0	0	3	1	sem_imagem.png	0	NULL
36	DESINFETANTE CASA LIMPA 5 LITROS	NULL	UNID	3.33	11.50	11.50	11.500	0	0.00	26/06/2024	26/06/2024	NULL	0	0	0.000	5.000	0	0	0	0	PADR├âO	PADR├âO	PADR├âO	PADR├âO	PADR├âO	N├âO	NULL	NULL	8.17	0.00	NULL			0	0	0	0	1	sem_imagem.png	0	NULL
37	DESINFETANTE LAVANDA 5 LITROS	NULL	UNID	4.12	11.50	11.50	11.500	0	0.00	26/06/2024	26/06/2024	NULL	0	0	-3.000	5.000	0	0	0	0	PADR├âO	PADR├âO	PADR├âO	PADR├âO	PADR├âO	N├âO	NULL	NULL	7.38	0.00	NULL			0	0	0	3	1	sem_imagem.png	0	NULL
38	DESINFETANTE REVEILLON 5 LITROS	NULL	UNID	3.33	11.50	11.50	11.500	0	0.00	26/06/2024	26/06/2024	NULL	0	0	1.000	5.000	0	0	0	0	PADR├âO	PADR├âO	PADR├âO	PADR├âO	PADR├âO	N├âO	NULL	NULL	8.17	0.00	NULL			0	0	0	0	1	sem_imagem.png	0	NULL
39	DESINFETANTE TALCO 5 LITROS	NULL	UNID	4.12	11.50	11.50	11.500	0	0.00	26/06/2024	26/06/2024	NULL	0	0	0.000	5.000	0	0	0	0	PADR├âO	PADR├âO	PADR├âO	PADR├âO	PADR├âO	N├âO	NULL	NULL	7.38	0.00	NULL			0	0	0	3	1	sem_imagem.png	0	NULL
40	DESINFETANTE PINHO SOL 5 LITROS	NULL	UNID	3.33	11.50	11.50	11.500	0	0.00	26/06/2024	26/06/2024	NULL	0	0	2.000	5.000	1	0	0	0	PADR├âO	PADR├âO	PADR├âO	PADR├âO	PADR├âO	N├âO	NULL	NULL	8.17	0.00	NULL			0	0	0	3	1	sem_imagem.png	0	NULL
41	DESINFETANTE CITRONELA 5 LITROS	NULL	UNID	3.33	11.50	11.50	11.500	0	0.00	26/06/2024	26/06/2024	NULL	0	0	1.000	5.000	0	0	0	0	PADR├âO	PADR├âO	PADR├âO	PADR├âO	PADR├âO	N├âO	NULL	NULL	8.17	0.00	NULL			0	0	0	0	1	sem_imagem.png	0	NULL
42	DESINFETANTE CAPIM LIMAãÆO 5 LITROS	NULL	UNID	4.12	11.50	11.50	11.500	0	0.00	26/06/2024	26/06/2024	NULL	0	0	1.000	5.000	0	0	0	0	PADR├âO	PADR├âO	PADR├âO	PADR├âO	PADR├âO	N├âO	NULL	NULL	7.38	0.00	NULL			0	0	0	3	1	sem_imagem.png	0	NULL
43	DESINFETANTE NATUREZA 5 LITROS	NULL	UNID	3.33	11.50	11.50	11.500	0	0.00	26/06/2024	26/06/2024	NULL	0	0	2.000	5.000	0	0	0	0	PADR├âO	PADR├âO	PADR├âO	PADR├âO	PADR├âO	N├âO	NULL	NULL	8.17	0.00	NULL			0	0	0	0	1	sem_imagem.png	0	NULL
44	DESINFETANTE FLORAL 5 LITROS	NULL	UNID	4.12	11.50	11.50	11.500	0	0.00	26/06/2024	26/06/2024	NULL	0	0	0.000	5.000	0	0	0	0	PADR├âO	PADR├âO	PADR├âO	PADR├âO	PADR├âO	N├âO	NULL	NULL	7.38	0.00	NULL			0	0	0	3	1	sem_imagem.png	0	NULL
45	MATA INSETOS 1 LITRO	NULL	UNID	4.23	25.00	25.00	25.000	0	0.00	26/06/2024	26/06/2024	NULL	0	0	4.000	5.000	0	0	0	0	PADR├âO	PADR├âO	PADR├âO	PADR├âO	PADR├âO	N├âO	NULL	NULL	20.77	0.00	NULL			0	0	0	3	1	sem_imagem.png	0	NULL
46	LIMPA CANO SUPER 1 LITRO	NULL	UNID	0.00	20.00	20.00	20.000	0	0.00	26/06/2024	26/06/2024	NULL	0	0	6.000	5.000	0	0	1	0	PADR├âO	PADR├âO	PADR├âO	PADR├âO	PADR├âO	N├âO	NULL	NULL	20.00	0.00	NULL			0	0	0	3	1	sem_imagem.png	0	NULL
47	LIMPA CONCRETO 2 LITROS	NULL	UNID	2.05	19.90	17.00	17.000	0	0.00	26/06/2024	26/06/2024	NULL	0	0	0.000	5.000	0	0	0	0	PADR├âO	PADR├âO	PADR├âO	PADR├âO	PADR├âO	N├âO	NULL	NULL	17.85	0.00	NULL			0	0	0	0	1	sem_imagem.png	0	NULL
49	VEJAX MULTIUSO 2 LITROS	NULL	UNID	4.00	12.00	12.00	12.000	0	0.00	26/06/2024	26/06/2024	NULL	0	0	1.000	5.000	0	0	0	0	PADR├âO	PADR├âO	PADR├âO	PADR├âO	PADR├âO	N├âO	NULL	NULL	8.00	0.00	NULL			0	0	0	3	1	sem_imagem.png	0	NULL
50	VEJAX MULTIUSO 5 LITROS	NULL	UNID	6.06	24.90	6.50	24.900	0	0.00	26/06/2024	26/06/2024	NULL	0	0	0.000	5.000	0	0	0	0	PADR├âO	PADR├âO	PADR├âO	PADR├âO	PADR├âO	N├âO	NULL	NULL	18.84	0.00	NULL			0	0	0	0	1	sem_imagem.png	0	NULL
51	PERFUME PARA BANHEIRO 2 LITROS	NULL	UNID	2.11	16.00	16.00	16.000	0	0.00	26/06/2024	26/06/2024	NULL	0	0	1.000	5.000	0	0	0	0	PADR├âO	PADR├âO	PADR├âO	PADR├âO	PADR├âO	N├âO	NULL	NULL	13.89	0.00	NULL			0	0	0	3	1	sem_imagem.png	0	NULL
52	PERFUME PARA BANHEIRO 5 LITROS	NULL	UNID	3.33	39.90	39.90	39.900	0	0.00	26/06/2024	26/06/2024	NULL	0	0	1.000	5.000	0	0	1	0	PADR├âO	PADR├âO	PADR├âO	PADR├âO	PADR├âO	N├âO	NULL	NULL	36.57	0.00	NULL			0	0	0	3	1	52.jpg	0	NULL
54	ALVEJANTE SEM CLORO 2 LITROS	NULL	UNID	2.37	10.00	10.00	10.000	0	0.00	26/06/2024	26/06/2024	NULL	0	0	5.000	5.000	0	0	1	0	PADR├âO	PADR├âO	PADR├âO	PADR├âO	PADR├âO	N├âO	NULL	NULL	7.63	0.00	NULL			0	0	0	3	1	sem_imagem.png	0	NULL
55	ALVEJANTE SEM CLORO 5 LITROS	NULL	UNID	3.95	20.00	20.00	20.000	0	0.00	26/06/2024	26/06/2024	NULL	0	0	0.000	5.000	0	0	1	0	PADR├âO	PADR├âO	PADR├âO	PADR├âO	PADR├âO	N├âO	NULL	NULL	16.05	0.00	NULL			0	0	0	3	1	sem_imagem.png	0	NULL
56	AMACIANTE DOWNIE 2 LITROS	NULL	UNID	2.29	10.00	10.00	10.000	0	0.00	26/06/2024	26/06/2024	NULL	0	0	1.000	5.000	0	0	1	0	PADR├âO	PADR├âO	PADR├âO	PADR├âO	PADR├âO	N├âO	NULL	NULL	7.71	0.00	NULL			0	0	0	3	1	sem_imagem.png	0	NULL
57	AMACIANTE CONFORTO 2 LITROS	NULL	UNID	2.27	10.00	10.00	10.000	0	0.00	26/06/2024	26/06/2024	NULL	0	0	7.000	5.000	0	0	0	0	PADR├âO	PADR├âO	PADR├âO	PADR├âO	PADR├âO	N├âO	NULL	NULL	7.73	0.00	NULL			0	0	0	3	1	sem_imagem.png	0	NULL
58	AMACIANTE MAMAE BEBE 2 LITROS	NULL	UNID	2.29	10.00	10.00	10.000	0	0.00	26/06/2024	26/06/2024	NULL	0	0	5.000	5.000	0	0	0	0	PADR├âO	PADR├âO	PADR├âO	PADR├âO	PADR├âO	N├âO	NULL	NULL	7.71	0.00	NULL			0	0	0	3	1	sem_imagem.png	0	NULL
60	SABAãÆO LIQUIDO OMUS 2 LITROS	NULL	UNID	4.23	14.00	14.00	14.000	0	0.00	26/06/2024	26/06/2024	NULL	0	0	4.000	5.000	0	0	0	0	PADR├âO	PADR├âO	PADR├âO	PADR├âO	PADR├âO	N├âO	NULL	NULL	9.77	0.00	NULL			0	0	0	3	1	sem_imagem.png	0	NULL
62	SABAãÆO LIQUIDO DE COCO 2 LITROS	NULL	UNID	4.23	14.00	14.00	14.000	0	0.00	26/06/2024	26/06/2024	NULL	0	0	4.000	5.000	0	0	0	0	PADR├âO	PADR├âO	PADR├âO	PADR├âO	PADR├âO	N├âO	NULL	NULL	9.77	0.00	NULL			0	0	0	3	1	sem_imagem.png	0	NULL
63	SABAãÆO LIQUIDO COM BICARBONATO 2 LITROS	NULL	UNID	3.81	18.00	18.00	18.000	0	0.00	26/06/2024	26/06/2024	NULL	0	0	2.000	5.000	0	0	0	0	PADR├âO	PADR├âO	PADR├âO	PADR├âO	PADR├âO	N├âO	NULL	NULL	14.19	0.00	NULL			0	0	0	3	1	sem_imagem.png	0	NULL
65	SABAãÆO LIQUIDO DINAMUS 2 LITROS	NULL	UNID	3.81	14.00	14.00	14.000	0	0.00	26/06/2024	26/06/2024	NULL	0	0	0.000	5.000	0	0	0	0	PADR├âO	PADR├âO	PADR├âO	PADR├âO	PADR├âO	N├âO	NULL	NULL	10.19	0.00	NULL			0	0	0	3	1	sem_imagem.png	0	NULL
66	SABAãÆO LIQUIDO OMUS 5 LITROS	NULL	UNID	9.89	29.90	29.90	29.900	0	0.00	26/06/2024	26/06/2024	NULL	0	0	-3.000	5.000	0	0	1	0	PADR├âO	PADR├âO	PADR├âO	PADR├âO	PADR├âO	N├âO	NULL	NULL	20.01	0.00	NULL			0	0	0	3	1	sem_imagem.png	0	NULL
67	SABAO LIQUIDO ARIEX 5 LITROS	NULL	UNID	7.57	24.90	24.90	24.900	0	0.00	26/06/2024	26/06/2024	NULL	0	0	10.000	5.000	0	0	0	0	PADR├âO	PADR├âO	PADR├âO	PADR├âO	PADR├âO	SIM	NULL	NULL	17.33	0.00	NULL			0	0	0	0	1	sem_imagem.png	0	NULL
68	SABAãÆO LIQUIDO DE COCO 5 LITROS	NULL	UNID	9.89	29.90	29.90	29.900	0	0.00	26/06/2024	26/06/2024	NULL	0	0	1.000	5.000	0	0	0	0	PADR├âO	PADR├âO	PADR├âO	PADR├âO	PADR├âO	N├âO	NULL	NULL	20.01	0.00	NULL			0	0	0	3	1	sem_imagem.png	0	NULL
70	SABAãÆO LIQUIDO DINAMUS 5 LITROS	NULL	UNID	29.90	29.90	29.90	29.900	0	0.00	26/06/2024	26/06/2024	NULL	0	0	0.000	5.000	1	0	0	0	PADR├âO	PADR├âO	PADR├âO	PADR├âO	PADR├âO	N├âO	NULL	NULL	0.00	0.00	NULL			0	0	0	3	1	sem_imagem.png	0	NULL
71	DESINFETANTE FLOR DE CEREJEIRA 2 LITROS	NULL	UNID	1.93	6.50	6.50	6.500	0	0.00	17/02/2025	17/02/2025	NULL	0	0	6.000	0.000	0	0	0	0	PADR├âO	PADR├âO	PADR├âO	PADR├âO	PADR├âO	N├âO	NULL	NULL	4.57	0.00	NULL			0	0	0	3	1	sem_imagem.png	0	NULL
72	DESINFETANTE MARINE 2 LITROS	NULL	UNID	1.93	6.50	6.50	6.500	0	0.00	17/02/2025	17/02/2025	NULL	0	0	9.000	0.000	0	0	0	0	PADR├âO	PADR├âO	PADR├âO	PADR├âO	PADR├âO	N├âO	NULL	NULL	4.57	0.00	NULL			0	0	0	3	1	sem_imagem.png	0	NULL
75	PNEU PRETINHO 500ML	NULL	UNID	0.00	8.00	8.00	8.000	0	0.00	26/06/2024	26/06/2024	NULL	0	0	6.000	5.000	0	0	0	0	PADR├âO	PADR├âO	PADR├âO	PADR├âO	PADR├âO	N├âO	NULL	NULL	8.00	0.00	NULL			0	0	0	3	1	75.jpg	0	NULL
76	PNEU PRETINHO 1 LITRO	NULL	UNID	2.06	15.00	15.00	15.000	0	0.00	26/06/2024	26/06/2024	NULL	0	0	4.000	5.000	0	0	0	0	PADR├âO	PADR├âO	PADR├âO	PADR├âO	PADR├âO	N├âO	NULL	NULL	12.94	0.00	NULL			0	0	0	3	1	sem_imagem.png	0	NULL
77	JET CERA 500ML	NULL	UNID	0.00	9.90	9.90	9.900	0	0.00	26/06/2024	26/06/2024	NULL	0	0	1.000	5.000	0	0	0	0	PADR├âO	PADR├âO	PADR├âO	PADR├âO	PADR├âO	N├âO	NULL	NULL	9.90	0.00	NULL			0	0	0	0	1	77.jpg	0	NULL
78	SHAMPOO COM CERA 2 LITROS	NULL	UNID	7.73	18.00	18.00	18.000	0	0.00	26/06/2024	26/06/2024	NULL	0	0	0.000	5.000	0	0	0	0	PADR├âO	PADR├âO	PADR├âO	PADR├âO	PADR├âO	N├âO	NULL	NULL	10.27	0.00	NULL			0	0	0	3	1	sem_imagem.png	0	NULL
79	SHAMPOO COM CERA 1 LITRO	NULL	UNID	4.23	10.00	10.00	10.000	0	0.00	26/06/2024	26/06/2024	NULL	0	0	5.000	5.000	0	0	0	0	PADR├âO	PADR├âO	PADR├âO	PADR├âO	PADR├âO	N├âO	NULL	NULL	5.77	0.00	NULL			0	0	0	3	1	sem_imagem.png	0	NULL
80	BLOCO DE ESPUMA	NULL	UNID	3.50	8.50	8.50	8.500	0	0.00	26/06/2024	26/06/2024	NULL	0	0	4.000	5.000	0	0	0	0	PADR├âO	PADR├âO	PADR├âO	PADR├âO	PADR├âO	N├âO	NULL	NULL	5.00	0.00	NULL			0	0	0	3	1	sem_imagem.png	0	NULL
82	LIMPA BAU 2 LITROS	NULL	UNID	4.53	18.00	18.00	18.000	0	0.00	26/06/2024	26/06/2024	NULL	0	0	4.000	5.000	0	0	0	0	PADR├âO	PADR├âO	PADR├âO	PADR├âO	PADR├âO	N├âO	NULL	NULL	13.47	0.00	NULL			0	0	0	3	1	sem_imagem.png	0	NULL
83	LIMPA BAU 5 LITROS	NULL	UNID	10.64	39.90	39.90	39.900	0	0.00	26/06/2024	26/06/2024	NULL	0	0	1.000	5.000	0	0	0	0	PADR├âO	PADR├âO	PADR├âO	PADR├âO	PADR├âO	N├âO	NULL	NULL	29.26	0.00	NULL			0	0	0	3	1	sem_imagem.png	0	NULL
84	CLORO GEL 1 LITRO	NULL	UNID	8.00	8.00	8.00	8.000	0	0.00	26/06/2024	26/06/2024	NULL	0	0	0.000	5.000	1	0	1	0	PADR├âO	PADR├âO	PADR├âO	PADR├âO	PADR├âO	N├âO	NULL	NULL	0.00	0.00	NULL			0	0	0	3	1	sem_imagem.png	0	NULL
85	CLORO GEL 2 LITROS	NULL	UNID	3.99	15.90	15.90	15.900	0	0.00	26/06/2024	26/06/2024	NULL	0	0	9.000	5.000	1	0	0	0	PADR├âO	PADR├âO	PADR├âO	PADR├âO	PADR├âO	N├âO	NULL	NULL	11.91	0.00	NULL			0	0	0	3	1	sem_imagem.png	0	NULL
86	CLORO GEL 5 LITROS	NULL	UNID	9.52	39.90	39.90	39.900	0	0.00	26/06/2024	26/06/2024	NULL	0	0	1.000	5.000	0	0	0	0	PADR├âO	PADR├âO	PADR├âO	PADR├âO	PADR├âO	N├âO	NULL	NULL	30.38	0.00	NULL			0	0	0	3	1	sem_imagem.png	0	NULL
87	ALCOOL PERFUMADO CEREJA AVELA 2 LITROS	NULL	UNID	0.00	10.00	10.00	9.800	0	0.00	26/06/2024	26/06/2024	NULL	0	0	1.000	5.000	0	0	0	0	PADR├âO	PADR├âO	PADR├âO	PADR├âO	PADR├âO	N├âO	NULL	NULL	10.00	0.00	NULL			0	0	0	3	1	87.jpg	0	NULL
88	ALCOOL PERFUMADO BAMBOO 2 LITROS	NULL	UNID	0.00	9.80	9.90	9.900	0	0.00	26/06/2024	26/06/2024	NULL	0	0	5.000	5.000	0	0	1	0	PADR├âO	PADR├âO	PADR├âO	PADR├âO	PADR├âO	N├âO	NULL	NULL	9.80	0.00	NULL			0	0	0	3	1	sem_imagem.png	0	NULL
94	ALCOOL PERFUMADO BAMBOO 5 LITROS	NULL	UNID	0.00	19.90	19.90	19.900	0	0.00	26/06/2024	26/06/2024	NULL	0	0	1.000	5.000	0	0	0	0	PADR├âO	PADR├âO	PADR├âO	PADR├âO	PADR├âO	N├âO	NULL	NULL	19.90	0.00	NULL			0	0	0	3	1	sem_imagem.png	0	NULL
95	ALCOOL PERFUMADO CEREJA AVELA 5 LITROS	NULL	UNID	0.00	19.90	19.90	19.900	0	0.00	26/06/2024	26/06/2024	NULL	0	0	2.000	5.000	0	0	0	0	PADR├âO	PADR├âO	PADR├âO	PADR├âO	PADR├âO	N├âO	NULL	NULL	19.90	0.00	NULL			0	0	0	3	1	95.jpg	0	NULL
96	PINHO GEL 2 LITROS	NULL	UNID	0.00	14.20	14.20	10.000	0	0.00	26/06/2024	26/06/2024	NULL	0	0	2.000	5.000	0	0	0	0	PADR├âO	PADR├âO	PADR├âO	PADR├âO	PADR├âO	N├âO	NULL	NULL	14.20	0.00	NULL			0	0	0	3	1	sem_imagem.png	0	NULL
97	PINHO GEL 5 LITROS	NULL	UNID	0.00	19.90	10.00	19.900	0	0.00	26/06/2024	26/06/2024	NULL	0	0	2.000	5.000	0	0	0	0	PADR├âO	PADR├âO	PADR├âO	PADR├âO	PADR├âO	N├âO	NULL	NULL	19.90	0.00	NULL			0	0	0	0	1	sem_imagem.png	0	NULL
98	PASTA DE BRILHO 500GR	NULL	UNID	9.00	9.00	9.00	9.000	0	0.00	26/06/2024	26/06/2024	NULL	0	0	14.000	5.000	0	0	1	0	PADR├âO	PADR├âO	PADR├âO	PADR├âO	PADR├âO	N├âO	NULL	NULL	0.00	0.00	NULL			0	0	0	3	1	98.jpg	0	NULL
99	LIMPA TUDO 5 LITROS	NULL	UNID	24.90	24.90	24.90	24.900	0	0.00	26/06/2024	26/06/2024	NULL	0	0	2.000	5.000	1	0	0	0	PADR├âO	PADR├âO	PADR├âO	PADR├âO	PADR├âO	N├âO	NULL	NULL	0.00	0.00	NULL			0	0	0	3	1	sem_imagem.png	0	NULL
100	LIMPA TUDO 2 LITROS	NULL	UNID	4.90	15.00	15.00	15.000	0	0.00	26/06/2024	26/06/2024	NULL	0	0	1.000	5.000	0	0	0	0	PADR├âO	PADR├âO	PADR├âO	PADR├âO	PADR├âO	N├âO	NULL	NULL	10.10	0.00	NULL			0	0	0	3	1	sem_imagem.png	0	NULL
102	TIRA LIMO 1 LITRO	NULL	UNID	0.00	10.00	10.00	10.000	0	0.00	26/06/2024	26/06/2024	NULL	0	0	0.000	5.000	0	0	0	0	PADR├âO	PADR├âO	PADR├âO	PADR├âO	PADR├âO	N├âO	NULL	NULL	10.00	0.00	NULL			0	0	0	3	1	sem_imagem.png	0	NULL
103	TIRA LIMO 2 LITROS	NULL	UNID	0.00	25.00	25.00	25.000	0	0.00	26/06/2024	26/06/2024	NULL	0	0	12.000	5.000	1	0	1	0	PADR├âO	PADR├âO	PADR├âO	PADR├âO	PADR├âO	N├âO	NULL	NULL	25.00	0.00	NULL			0	0	0	3	1	sem_imagem.png	0	NULL
104	TIRA LIMO 5 LITROS	NULL	UNID	0.00	49.90	49.90	49.900	0	0.00	26/06/2024	26/06/2024	NULL	0	0	0.000	5.000	1	0	1	0	PADR├âO	PADR├âO	PADR├âO	PADR├âO	PADR├âO	N├âO	NULL	NULL	49.90	0.00	NULL			0	0	0	3	1	sem_imagem.png	0	NULL
105	DETERGENTE NEUTRO 1 LITRO	NULL	UNID	5.00	5.50	5.50	5.500	0	0.00	26/06/2024	26/06/2024	NULL	0	0	1.000	5.000	0	0	0	0	PADR├âO	PADR├âO	PADR├âO	PADR├âO	PADR├âO	N├âO	NULL	NULL	0.50	0.00	NULL			0	0	0	3	1	sem_imagem.png	0	NULL
106	DETERGENTE NEUTRO 2 LITROS	NULL	UNID	0.00	10.00	10.00	10.000	0	0.00	26/06/2024	26/06/2024	NULL	0	0	0.000	5.000	0	0	1	0	PADR├âO	PADR├âO	PADR├âO	PADR├âO	PADR├âO	N├âO	NULL	NULL	10.00	0.00	NULL			0	0	0	3	1	sem_imagem.png	0	NULL
107	DETERGENTE NEUTRO 5 LITROS	NULL	UNID	0.00	18.80	18.80	18.800	0	0.00	28/06/2024	28/06/2024	NULL	0	0	0.000	5.000	1	0	1	0	PADR├âO	PADR├âO	PADR├âO	PADR├âO	PADR├âO	N├âO	NULL	NULL	18.80	0.00	NULL			0	0	0	3	1	sem_imagem.png	0	NULL
110	LIMPA ALUMINIO 500ML	NULL	UNID	0.00	7.00	7.00	7.000	0	0.00	28/06/2024	28/06/2024	NULL	0	0	5.000	5.000	0	0	0	0	PADR├âO	PADR├âO	PADR├âO	PADR├âO	PADR├âO	N├âO	NULL	NULL	7.00	0.00	NULL			0	0	0	3	1	110.jpg	0	NULL
111	LIMPA ALUMINIO 1 LITRO	NULL	UNID	0.00	10.00	10.00	10.000	0	0.00	28/06/2024	28/06/2024	NULL	0	0	4.000	5.000	1	0	0	0	PADR├âO	PADR├âO	PADR├âO	PADR├âO	PADR├âO	N├âO	NULL	NULL	10.00	0.00	NULL			0	0	0	3	1	sem_imagem.png	0	NULL
112	LIMPA ALUMINIO 2 LITROS	NULL	UNID	0.00	18.00	18.00	18.000	0	0.00	28/06/2024	28/06/2024	NULL	0	0	1.000	5.000	1	0	0	0	PADR├âO	PADR├âO	PADR├âO	PADR├âO	PADR├âO	N├âO	NULL	NULL	18.00	0.00	NULL			0	0	0	3	1	sem_imagem.png	0	NULL
113	LIMPA ALUMINIO 5 LITROS	NULL	UNID	0.00	35.90	35.90	35.900	0	0.00	28/06/2024	28/06/2024	NULL	0	0	0.000	5.000	1	0	1	0	PADR├âO	PADR├âO	PADR├âO	PADR├âO	PADR├âO	N├âO	NULL	NULL	35.90	0.00	NULL			0	0	0	3	1	sem_imagem.png	0	NULL
114	LIMPA AZULEJO MADEIRA	NULL	UNID	6.50	15.00	15.00	15.000	0	0.00	28/06/2024	28/06/2024	NULL	0	0	0.000	0.000	0	0	1	0	PADR├âO	PADR├âO	PADR├âO	PADR├âO	PADR├âO	N├âO	NULL	NULL	8.50	0.00	NULL			0	0	0	0	1	sem_imagem.png	0	NULL
115	LIMPA AZULEJO PLASTICO	NULL	UNID	6.00	18.00	18.00	18.000	0	0.00	28/06/2024	28/06/2024	NULL	0	0	0.000	0.000	1	0	1	0	PADR├âO	PADR├âO	PADR├âO	PADR├âO	PADR├âO	N├âO	NULL	NULL	12.00	0.00	NULL			0	0	0	3	1	sem_imagem.png	0	NULL
116	LIMPA VIDROS COM CABO	NULL	UNID	6.00	18.00	18.00	18.000	0	0.00	28/06/2024	28/06/2024	NULL	0	0	2.000	5.000	0	0	1	0	PADR├âO	PADR├âO	PADR├âO	PADR├âO	PADR├âO	N├âO	NULL	NULL	12.00	0.00	NULL			0	0	0	3	1	sem_imagem.png	0	NULL
118	RODO PIA	NULL	UNID	0.00	4.00	4.00	4.000	0	0.00	28/06/2024	28/06/2024	NULL	0	0	0.000	5.000	0	0	0	0	PADR├âO	PADR├âO	PADR├âO	PADR├âO	PADR├âO	N├âO	NULL	NULL	4.00	0.00	NULL			0	0	0	3	1	118.jpg	0	NULL
119	PA┬ü DE LIXO DE MAãÆO	NULL	UNID	0.00	5.00	5.00	5.000	0	0.00	28/06/2024	28/06/2024	NULL	0	0	4.000	5.000	0	0	0	0	PADR├âO	PADR├âO	PADR├âO	PADR├âO	PADR├âO	N├âO	NULL	NULL	5.00	0.00	NULL			0	0	0	3	1	119.jpg	0	NULL
121	DESINTUPIDOR DE PIA	NULL	UNID	0.00	6.00	6.00	6.000	0	0.00	28/06/2024	28/06/2024	NULL	0	0	9.000	5.000	0	0	0	0	PADR├âO	PADR├âO	PADR├âO	PADR├âO	PADR├âO	N├âO	NULL	NULL	6.00	0.00	NULL			0	0	0	0	1	sem_imagem.png	0	NULL
122	PA DE LIXO COM CABO	NULL	UNID	4.20	12.00	12.00	12.000	0	0.00	04/07/2024	04/07/2024	NULL	0	0	0.000	0.000	1	0	1	0	PADR├âO	PADR├âO	PADR├âO	PADR├âO	PADR├âO	N├âO	NULL	NULL	7.80	0.00	NULL			0	0	0	3	1	sem_imagem.png	0	NULL
123	VALOR ADICIONAL	NULL	UNID	10.00	10.00	10.00	0.000	0	0.00	NULL	NULL	0.00	0	0	10.000	1.000	0	0	1	0	NULL	NULL	NULL	NULL	NULL	SIM	NULL	NULL	NULL	NULL	NULL	NULL	PADRAO	0	0	0	NULL	1	NULL	0	NULL
124	LIMPA PORCELANATO 500ML	NULL	UNID	0.00	7.50	7.50	7.500	0	0.00	28/06/2024	28/06/2024	NULL	0	0	3.000	5.000	1	0	0	0	PADR├âO	PADR├âO	PADR├âO	PADR├âO	PADR├âO	N├âO	NULL	NULL	7.50	0.00	NULL			0	0	0	3	1	124.jpg	0	NULL
125	VARAL N 10	NULL	UNID	2.50	5.00	5.00	5.000	0	0.00	28/06/2024	28/06/2024	NULL	0	0	2.000	5.000	0	0	0	0	PADR├âO	PADR├âO	PADR├âO	PADR├âO	PADR├âO	N├âO	NULL	NULL	2.50	0.00	NULL			0	0	0	3	1	125.jpg	0	NULL
126	LUVA LATEX M	NULL	UNID	3.50	8.90	8.90	8.900	0	0.00	28/06/2024	28/06/2024	NULL	0	0	0.000	5.000	1	0	0	0	PADR├âO	PADR├âO	PADR├âO	PADR├âO	PADR├âO	N├âO	NULL	NULL	5.40	0.00	NULL			0	0	0	3	1	sem_imagem.png	0	NULL
127	LUVA LATEX G	NULL	UNID	3.50	8.90	8.90	8.900	0	0.00	28/06/2024	28/06/2024	NULL	0	0	0.000	5.000	1	0	0	0	PADR├âO	PADR├âO	PADR├âO	PADR├âO	PADR├âO	N├âO	NULL	NULL	5.40	0.00	NULL			0	0	0	3	1	sem_imagem.png	0	NULL
128	PRENDEDOR PLASTICO	NULL	UNID	1.90	3.00	3.00	3.000	0	0.00	28/06/2024	28/06/2024	NULL	0	0	2.000	5.000	0	0	0	0	PADR├âO	PADR├âO	PADR├âO	PADR├âO	PADR├âO	N├âO	NULL	NULL	1.10	0.00	NULL			0	0	0	0	1	sem_imagem.png	0	NULL
129	PRENDEDOR MADEIRA PEQUENO	NULL	UNID	1.50	2.50	2.50	2.500	0	0.00	28/06/2024	28/06/2024	NULL	0	0	7.000	5.000	0	0	0	0	PADR├âO	PADR├âO	PADR├âO	PADR├âO	PADR├âO	N├âO	NULL	NULL	1.00	0.00	NULL			0	0	0	0	1	sem_imagem.png	0	NULL
130	PRENDEDOR MADEIRA GRANDE	NULL	UNID	2.50	4.00	4.00	4.000	0	0.00	28/06/2024	28/06/2024	NULL	0	0	0.000	5.000	1	0	0	0	PADR├âO	PADR├âO	PADR├âO	PADR├âO	PADR├âO	N├âO	NULL	NULL	1.50	0.00	NULL			0	0	0	3	1	sem_imagem.png	0	NULL
131	BUCHA LAVA LOUAÔÇíAS	NULL	UNID	0.80	2.50	2.50	2.500	0	0.00	28/06/2024	28/06/2024	NULL	0	0	12.000	5.000	0	0	0	0	PADR├âO	PADR├âO	PADR├âO	PADR├âO	PADR├âO	N├âO	NULL	NULL	1.70	0.00	NULL			0	0	0	3	1	131.jpg	0	NULL
132	BUCHA INOX	NULL	UNID	1.98	4.00	4.00	4.000	0	0.00	28/06/2024	28/06/2024	NULL	0	0	1.000	0.000	0	0	0	0	PADR├âO	PADR├âO	PADR├âO	PADR├âO	PADR├âO	N├âO	NULL	NULL	2.02	0.00	NULL			0	0	0	3	1	sem_imagem.png	0	NULL
133	ESCOVA ROUPA MADEIRA	NULL	UNID	5.80	5.80	5.80	5.800	0	0.00	28/06/2024	28/06/2024	NULL	0	0	0.000	5.000	1	0	0	0	PADR├âO	PADR├âO	PADR├âO	PADR├âO	PADR├âO	N├âO	NULL	NULL	0.00	0.00	NULL			0	0	0	3	1	sem_imagem.png	0	NULL
134	ESCOVA ROUPAS PLASTICO ANATOMICA	NULL	UNID	3.00	5.20	5.20	5.200	0	0.00	28/06/2024	28/06/2024	NULL	0	0	1.000	5.000	0	0	0	0	PADR├âO	PADR├âO	PADR├âO	PADR├âO	PADR├âO	N├âO	NULL	NULL	2.20	0.00	NULL			0	0	0	3	1	134.jpg	0	NULL
135	ESCOVA ROUPAS COM ALAÔÇíA	NULL	UNID	4.00	7.90	5.20	7.900	0	0.00	28/06/2024	28/06/2024	NULL	0	0	2.000	5.000	1	0	0	0	PADR├âO	PADR├âO	PADR├âO	PADR├âO	PADR├âO	N├âO	NULL	NULL	3.90	0.00	NULL			0	0	0	3	1	sem_imagem.png	0	NULL
136	BALDE PEDREIRO 8 LITROS	NULL	UNID	6.60	15.00	15.00	15.000	0	0.00	28/06/2024	28/06/2024	NULL	0	0	1.000	5.000	0	0	0	0	PADR├âO	PADR├âO	PADR├âO	PADR├âO	PADR├âO	N├âO	NULL	NULL	8.40	0.00	NULL			0	0	0	0	1	sem_imagem.png	0	NULL
137	BACIA 12 LITROS	NULL	UNID	0.00	15.00	15.00	15.000	0	0.00	28/06/2024	28/06/2024	NULL	0	0	4.000	5.000	0	0	0	0	PADR├âO	PADR├âO	PADR├âO	PADR├âO	PADR├âO	N├âO	NULL	NULL	15.00	0.00	NULL			0	0	0	0	1	sem_imagem.png	0	NULL
138	BACIA 18 LITROS	NULL	UNID	0.00	25.00	25.00	25.000	0	0.00	28/06/2024	28/06/2024	NULL	0	0	6.000	5.000	0	0	0	0	PADR├âO	PADR├âO	PADR├âO	PADR├âO	PADR├âO	N├âO	NULL	NULL	25.00	0.00	NULL			0	0	0	3	1	sem_imagem.png	0	NULL
139	SACO DE LIXO 20 LTS 10UN	NULL	UNID	2.00	5.00	5.00	5.000	0	0.00	15/07/2026	15/07/2026	NULL	0	0	51.000	0.000	1	0	0	0	PADR├âO	PADR├âO	PADR├âO	PADR├âO	PADR├âO	N├âO	NULL	NULL	3.00	0.00	NULL			0	0	0	3	1	sem_imagem.png	0	NULL
141	VASSOURA POP	NULL	UNID	6.00	16.00	16.00	16.000	0	0.00	14/10/2024	14/10/2024	NULL	0	0	0.000	0.000	0	0	1	0	PADR├âO	PADR├âO	PADR├âO	PADR├âO	PADR├âO	N├âO	NULL	NULL	10.00	0.00	NULL			0	0	0	3	1	sem_imagem.png	0	NULL
143	VASSOURA AQUARELA	NULL	UNID	0.00	24.00	24.00	24.000	0	0.00	14/10/2024	14/10/2024	NULL	0	0	7.000	0.000	1	0	0	0	PADR├âO	PADR├âO	PADR├âO	PADR├âO	PADR├âO	N├âO	NULL	NULL	24.00	0.00	NULL			0	0	0	3	1	sem_imagem.png	0	NULL
146	VASSOURA CANTO	NULL	UNID	9.00	21.00	21.00	21.000	0	0.00	02/07/2024	02/07/2024	NULL	0	0	3.000	0.000	0	0	1	0	PADR├âO	PADR├âO	PADR├âO	PADR├âO	PADR├âO	N├âO	NULL	NULL	12.00	0.00	NULL			0	0	0	3	1	146.jpg	0	NULL
147	VASSOURA PELO PANDA	NULL	UNID	6.00	13.00	13.00	13.000	0	0.00	02/07/2024	02/07/2024	NULL	0	0	0.000	0.000	1	0	0	0	PADR├âO	PADR├âO	PADR├âO	PADR├âO	PADR├âO	N├âO	NULL	NULL	7.00	0.00	NULL			0	0	0	3	1	sem_imagem.png	0	NULL
148	VASSOURA RAVENA	NULL	UNID	0.00	19.00	19.00	19.000	0	0.00	02/07/2024	02/07/2024	NULL	0	0	2.000	0.000	0	0	1	0	PADR├âO	PADR├âO	PADR├âO	PADR├âO	PADR├âO	N├âO	NULL	NULL	19.00	0.00	NULL			0	0	0	3	1	sem_imagem.png	0	NULL
149	VASSOURA ESFREGA FORTE	NULL	UNID	7.50	18.00	18.00	18.000	0	0.00	02/07/2024	02/07/2024	NULL	0	0	1.000	0.000	0	0	1	0	PADR├âO	PADR├âO	PADR├âO	PADR├âO	PADR├âO	N├âO	NULL	NULL	10.50	0.00	NULL			0	0	0	3	1	149.jpg	0	NULL
150	RODO PLASTICO 30CM	NULL	UNID	4.00	16.00	16.00	16.000	0	0.00	02/07/2024	02/07/2024	NULL	0	0	2.000	0.000	0	0	1	0	PADR├âO	PADR├âO	PADR├âO	PADR├âO	PADR├âO	N├âO	NULL	NULL	12.00	0.00	NULL			0	0	0	3	1	sem_imagem.png	0	NULL
151	RODO PLASTICO 40CM	NULL	UNID	4.80	18.00	18.00	18.000	0	0.00	02/07/2024	02/07/2024	NULL	0	0	5.000	0.000	0	0	1	0	PADR├âO	PADR├âO	PADR├âO	PADR├âO	PADR├âO	N├âO	NULL	NULL	13.20	0.00	NULL			0	0	0	3	1	151.jpg	0	NULL
152	RODO PLASTICO 60CM	NULL	UNID	0.00	22.00	22.00	22.000	0	0.00	02/07/2024	02/07/2024	NULL	0	0	1.000	0.000	0	0	1	0	PADR├âO	PADR├âO	PADR├âO	PADR├âO	PADR├âO	N├âO	NULL	NULL	22.00	0.00	NULL			0	0	0	3	1	152.jpg	0	NULL
154	VASSOURA TROPICANA	NULL	UNID	8.50	19.00	19.00	19.000	0	0.00	02/07/2024	02/07/2024	NULL	0	0	2.000	0.000	0	0	0	0	PADR├âO	PADR├âO	PADR├âO	PADR├âO	PADR├âO	N├âO	NULL	NULL	10.50	0.00	NULL			0	0	0	3	1	154.jpg	0	NULL
155	LIMPA AZULEJO REFIL PLASTICO	NULL	UNID	6.00	12.00	12.00	12.000	0	0.00	02/07/2024	02/07/2024	NULL	0	0	0.000	0.000	1	0	1	0	PADR├âO	PADR├âO	PADR├âO	PADR├âO	PADR├âO	N├âO	NULL	NULL	6.00	0.00	NULL			0	0	0	3	1	sem_imagem.png	0	NULL
157	DESINTUPIDOR W.C	NULL	UNID	9.50	9.50	9.50	9.500	0	0.00	02/07/2024	02/07/2024	NULL	0	0	2.000	0.000	1	0	1	0	PADR├âO	PADR├âO	PADR├âO	PADR├âO	PADR├âO	N├âO	NULL	NULL	0.00	0.00	NULL			0	0	0	3	1	sem_imagem.png	0	NULL
160	SACO DE LIIXO 40LTS 10UNI	NULL	UNID	5.50	5.50	5.50	5.500	0	0.00	02/07/2024	02/07/2024	NULL	0	0	108.000	0.000	0	0	0	0	PADR├âO	PADR├âO	PADR├âO	PADR├âO	PADR├âO	N├âO	NULL	NULL	0.00	0.00	NULL			0	0	0	0	1	sem_imagem.png	0	NULL
162	SACO DE LIXO 60 LTS 10 UN	NULL	UNID	4.20	10.00	10.00	10.000	0	0.00	02/07/2024	02/07/2024	NULL	0	0	48.000	0.000	1	0	0	0	PADR├âO	PADR├âO	PADR├âO	PADR├âO	PADR├âO	N├âO	NULL	NULL	5.80	0.00	NULL			0	0	0	3	1	sem_imagem.png	0	NULL
164	SACO DE LIXO 100 5UNI	NULL	UNID	3.90	13.00	13.00	13.000	0	0.00	02/07/2024	02/07/2024	NULL	0	0	10.000	0.000	1	0	1	0	PADR├âO	PADR├âO	PADR├âO	PADR├âO	PADR├âO	N├âO	NULL	NULL	9.10	0.00	NULL			0	0	0	3	1	sem_imagem.png	0	NULL
169	SACO DE LIXO 40 LTS 10UN	NULL	UNID	3.00	8.00	8.00	8.000	0	0.00	02/07/2024	02/07/2024	NULL	0	0	10.000	0.000	0	0	0	0	PADR├âO	PADR├âO	PADR├âO	PADR├âO	PADR├âO	N├âO	NULL	NULL	5.00	0.00	NULL			0	0	0	3	1	sem_imagem.png	0	NULL
171	ODORIZANTE PARA CARRO MELANCIA (ROSA)	NULL	UNID	4.00	10.00	10.00	10.000	0	0.00	02/07/2024	02/07/2024	NULL	0	0	13.000	0.000	0	0	0	0	PADR├âO	PADR├âO	PADR├âO	PADR├âO	PADR├âO	N├âO	NULL	NULL	6.00	0.00	NULL			0	0	0	3	1	sem_imagem.png	0	NULL
172	CLORO ATACADO	NULL	UNID	3.85	3.85	3.85	3.850	0	0.00	03/07/2024	03/07/2024	NULL	0	0	2.140	0.000	1	0	1	0	PADR├âO	PADR├âO	PADR├âO	PADR├âO	PADR├âO	N├âO	NULL	NULL	0.00	0.00	NULL			0	0	0	3	1	sem_imagem.png	0	NULL
173	PASSA CERA	NULL	UNID	7.00	21.00	18.00	18.000	0	0.00	03/07/2024	03/07/2024	NULL	0	0	0.000	0.000	0	0	1	0	PADR├âO	PADR├âO	PADR├âO	PADR├âO	PADR├âO	N├âO	NULL	NULL	14.00	0.00	NULL			0	0	0	3	1	173.jpg	0	NULL
174	ALCOOL 70 2L	NULL	UNID	22.00	28.00	28.00	28.000	0	0.00	03/07/2024	03/07/2024	NULL	0	0	1.000	0.000	0	0	0	0	PADR├âO	PADR├âO	PADR├âO	PADR├âO	PADR├âO	N├âO	NULL	NULL	6.00	0.00	NULL			0	0	0	3	1	174.jpg	0	NULL
175	A┬üLCOOL 70 5 LITROS	NULL	UNID	49.50	60.00	60.00	60.000	0	0.00	03/07/2024	03/07/2024	NULL	0	0	0.000	0.000	1	0	0	0	PADR├âO	PADR├âO	PADR├âO	PADR├âO	PADR├âO	N├âO	NULL	NULL	10.50	0.00	NULL			0	0	0	3	1	sem_imagem.png	0	NULL
176	ALCOOL 96 1L	NULL	UNID	16.00	20.00	20.00	20.000	0	0.00	03/07/2024	03/07/2024	NULL	0	0	1.000	0.000	0	0	0	0	PADR├âO	PADR├âO	PADR├âO	PADR├âO	PADR├âO	N├âO	NULL	NULL	4.00	0.00	NULL			0	0	0	3	1	sem_imagem.png	0	NULL
177	ALCOOL 96 2L	NULL	UNID	25.00	35.00	35.00	35.000	0	0.00	03/07/2024	03/07/2024	NULL	0	0	2.000	0.000	1	0	0	0	PADR├âO	PADR├âO	PADR├âO	PADR├âO	PADR├âO	N├âO	NULL	NULL	10.00	0.00	NULL			0	0	0	3	1	sem_imagem.png	0	NULL
178	ALCOOL 96 5L	NULL	UNID	55.00	70.00	70.00	70.000	0	0.00	03/07/2024	03/07/2024	NULL	0	0	4.000	0.000	0	0	0	0	PADR├âO	PADR├âO	PADR├âO	PADR├âO	PADR├âO	N├âO	NULL	NULL	15.00	0.00	NULL			0	0	0	3	1	178.jpg	0	NULL
179	REMOVEDOR 500ML	NULL	UNID	15.00	20.00	20.00	20.000	0	0.00	04/07/2024	04/07/2024	NULL	0	0	4.000	0.000	1	0	0	0	PADR├âO	PADR├âO	PADR├âO	PADR├âO	PADR├âO	N├âO	NULL	NULL	5.00	0.00	NULL			0	0	0	3	1	sem_imagem.png	0	NULL
180	NEW 3/5	NULL	UNID	5.00	5.00	5.00	5.000	0	NULL	NULL	NULL	NULL	0	0	1.000	0.000	1	0	0	0	PADR├âO	PADR├âO	PADR├âO	PADR├âO	PADR├âO	N├âO	NULL	NULL	0.00	0.00	NULL	NULL	PADRAO	0	0	0	NULL	1	NULL	0	NULL
183	SHAMPOO COM CERA 5 LITROS	NULL	UNID	25.90	25.90	25.90	25.900	0	0.00	06/07/2024	06/07/2024	NULL	0	0	0.000	0.000	0	0	0	0	PADR├âO	PADR├âO	PADR├âO	PADR├âO	PADR├âO	SIM	NULL	NULL	0.00	0.00	NULL			0	0	0	0	1	sem_imagem.png	0	NULL
185	PANO ALVEJADO/XADREZ	NULL	UNID	2.50	5.90	5.90	5.900	0	0.00	06/07/2024	06/07/2024	NULL	0	0	20.000	0.000	0	0	0	0	PADR├âO	PADR├âO	PADR├âO	PADR├âO	PADR├âO	N├âO	NULL	NULL	3.40	0.00	NULL			0	0	0	3	1	185.jpg	0	NULL
187	AMACIANTE CONFORTO 5L	NULL	UNID	5.02	20.00	20.00	20.000	0	0.00	06/07/2024	06/07/2024	NULL	0	0	0.000	0.000	0	0	0	0	PADR├âO	PADR├âO	PADR├âO	PADR├âO	PADR├âO	N├âO	NULL	NULL	14.98	0.00	NULL			0	0	0	3	1	sem_imagem.png	0	NULL
188	SACO DE LIXO 100 REF 5UN	NULL	UNID	9.30	18.50	18.50	18.500	0	0.00	06/07/2024	06/07/2024	NULL	0	0	1.000	0.000	1	0	0	0	PADR├âO	PADR├âO	10	PADR├âO	PADR├âO	N├âO	NULL	NULL	9.20	0.00	NULL			0	0	0	3	1	sem_imagem.png	0	NULL
190	SABAO LIQUIDO ARIEX 5L	NULL	UNID	9.89	29.90	29.90	29.900	0	0.00	11/07/2024	11/07/2024	NULL	0	0	-1.000	0.000	0	0	0	0	PADR├âO	PADR├âO	PADR├âO	PADR├âO	PADR├âO	N├âO	NULL	NULL	20.01	0.00	NULL			0	0	0	3	1	sem_imagem.png	0	NULL
198	CREOLINA 5L	NULL	UNID	0.00	24.90	7.00	7.000	0	0.00	18/07/2024	18/07/2024	NULL	0	0	0.000	0.000	0	0	0	0	PADR├âO	PADR├âO	PADR├âO	PADR├âO	PADR├âO	N├âO	NULL	NULL	24.90	0.00	NULL			0	0	0	3	1	198.jpg	0	NULL
199	CREOLINA 2L	NULL	UNID	7.00	13.00	13.00	13.000	0	0.00	18/07/2024	18/07/2024	NULL	0	0	0.000	0.000	0	0	0	0	PADR├âO	PADR├âO	PADR├âO	PADR├âO	PADR├âO	N├âO	NULL	NULL	6.00	0.00	NULL			0	0	0	3	1	sem_imagem.png	0	NULL
200	CABO MADEIRA 1,2M AVULSO	NULL	UNID	0.00	6.00	6.00	6.000	0	0.00	18/07/2024	18/07/2024	NULL	0	0	2.000	0.000	1	0	0	0	PADR├âO	PADR├âO	PADR├âO	PADR├âO	PADR├âO	N├âO	NULL	NULL	6.00	0.00	NULL			0	0	0	3	1	sem_imagem.png	0	NULL
202	PERFUME PARA ROUPA AMACIEX 2L	NULL	UNID	0.00	22.00	22.00	22.000	0	0.00	20/07/2024	20/07/2024	NULL	0	0	0.000	0.000	1	0	0	0	PADR├âO	PADR├âO	PADR├âO	PADR├âO	PADR├âO	N├âO	NULL	NULL	22.00	0.00	NULL			0	0	0	3	1	sem_imagem.png	0	NULL
203	LIMPA CONCRETO 2LTS	NULL	UNID	0.00	15.00	16.00	15.000	0	0.00	20/07/2024	20/07/2024	NULL	0	0	6.000	0.000	0	0	0	0	PADR├âO	PADR├âO	PADR├âO	PADR├âO	PADR├âO	N├âO	NULL	NULL	15.00	0.00	NULL			0	0	0	0	1	sem_imagem.png	0	NULL
204	PROMOAÔÇíAO 45,00	NULL	UNID	45.00	45.00	45.00	45.000	0	NULL	NULL	NULL	NULL	0	0	1.000	0.000	1	0	0	0	PADR├âO	PADR├âO	PADR├âO	PADR├âO	PADR├âO	N├âO	NULL	NULL	0.00	0.00	NULL	NULL	PADRAO	0	0	0	NULL	1	NULL	0	NULL
207	PERFUME PARA ROUPA AMACIEX 5L	NULL	UNID	0.00	39.50	39.50	39.500	0	0.00	29/07/2024	29/07/2024	NULL	0	0	0.000	0.000	1	0	0	0	PADR├âO	PADR├âO	PADR├âO	PADR├âO	PADR├âO	N├âO	NULL	NULL	39.50	0.00	NULL			0	0	0	3	1	207.jpg	0	NULL
209	TAXA ENTREGA	NULL	UNID	0.00	5.00	5.00	5.000	0	0.00	03/08/2024	03/08/2024	NULL	0	0	98.000	0.000	0	0	0	0	PADR├âO	PADR├âO	PADR├âO	PADR├âO	PADR├âO	N├âO	NULL	NULL	5.00	0.00	NULL			0	0	0	0	1	sem_imagem.png	0	NULL
210	AGUA SANITARIA ATACADO	NULL	UNID	0.00	1.50	1.50	1.500	0	0.00	06/08/2024	06/08/2024	NULL	0	0	0.000	0.000	1	0	0	0	PADR├âO	PADR├âO	PADR├âO	PADR├âO	PADR├âO	N├âO	NULL	NULL	1.50	0.00	NULL			0	0	0	3	1	sem_imagem.png	0	NULL
211	ALCOOL 70 2 LITROS	NULL	UNID	0.00	26.00	26.00	26.000	0	NULL	NULL	NULL	NULL	0	0	1.000	0.000	1	0	0	0	PADR├âO	PADR├âO	PADR├âO	PADR├âO	PADR├âO	SIM	NULL	NULL	26.00	0.00	NULL	NULL	PADRAO	0	0	0	NULL	1	NULL	0	NULL
214	PEDRA SANITARIA	NULL	UNID	1.10	3.00	3.00	3.000	0	0.00	11/03/2025	11/03/2025	NULL	0	0	22.000	0.000	0	0	0	0	PADR├âO	PADR├âO	PADR├âO	PADR├âO	PADR├âO	N├âO	NULL	NULL	1.90	0.00	NULL			0	0	0	3	1	sem_imagem.png	0	NULL
217	ALCOOL 70 1L	NULL	UNID	0.00	15.00	15.00	15.000	0	0.00	28/03/2026	28/03/2026	NULL	0	0	11.000	0.000	1	0	0	0	PADR├âO	PADR├âO	PADR├âO	PADR├âO	PADR├âO	N├âO	NULL	NULL	15.00	0.00	NULL			0	0	0	3	1	sem_imagem.png	0	NULL
221	LUSTRA MOVEIS 500ML	NULL	UNID	3.76	11.00	11.00	11.000	0	0.00	26/08/2024	26/08/2024	NULL	0	0	6.000	0.000	0	0	1	0	PADR├âO	PADR├âO	PADR├âO	PADR├âO	PADR├âO	N├âO	NULL	NULL	7.24	0.00	NULL			0	0	0	3	1	221.jpg	0	NULL
222	ANTI MOFO 500ML	NULL	UNID	4.87	11.00	11.00	11.000	0	0.00	26/08/2024	26/08/2024	NULL	0	0	6.000	0.000	0	0	1	0	PADR├âO	PADR├âO	PADR├âO	PADR├âO	PADR├âO	N├âO	NULL	NULL	6.13	0.00	NULL			0	0	0	3	1	222.jpg	0	NULL
225	BALDE 10L	NULL	UNID	4.80	12.00	12.00	12.000	0	0.00	30/06/2025	30/06/2025	NULL	0	0	0.000	0.000	0	0	0	0	PADR├âO	PADR├âO	PADR├âO	PADR├âO	PADR├âO	N├âO	NULL	NULL	7.20	0.00	NULL			0	0	0	3	1	225.jpg	0	NULL
237	LIMPA COURO	NULL	UNID	0.00	14.00	14.00	14.000	0	NULL	NULL	NULL	NULL	0	0	4.000	0.000	1	0	0	0	PADR├âO	PADR├âO	PADR├âO	PADR├âO	PADR├âO	N├âO	NULL	NULL	14.00	0.00	NULL	NULL	PADRAO	0	0	0	NULL	1	NULL	0	NULL
241	ANIL	NULL	UNID	14.00	14.00	14.00	14.000	0	0.00	30/10/2025	30/10/2025	NULL	0	0	6.000	0.000	1	0	0	0	PADR├âO	PADR├âO	PADR├âO	PADR├âO	PADR├âO	N├âO	NULL	NULL	0.00	0.00	NULL			0	0	0	3	1	sem_imagem.png	0	NULL
242	SAPONEO	NULL	UNID	0.00	6.00	6.00	6.000	0	NULL	NULL	NULL	NULL	0	0	15.000	0.000	1	0	0	0	PADR├âO	PADR├âO	PADR├âO	PADR├âO	PADR├âO	N├âO	NULL	NULL	6.00	0.00	NULL	NULL	PADRAO	0	0	0	NULL	1	NULL	0	NULL
244	MARIDAO CONCENTRADO	NULL	UNID	0.00	25.00	25.00	25.000	0	NULL	NULL	NULL	NULL	0	0	1.000	0.000	1	0	0	0	PADR├âO	PADR├âO	PADR├âO	PADR├âO	PADR├âO	N├âO	NULL	NULL	25.00	0.00	NULL	NULL	PADRAO	0	0	0	NULL	1	NULL	0	NULL
246	LIMPA CONCRETO 1L	NULL	UNID	0.00	10.00	10.00	10.000	0	0.00	25/03/2025	25/03/2025	NULL	0	0	31.000	0.000	1	0	0	0	PADR├âO	PADR├âO	PADR├âO	PADR├âO	PADR├âO	N├âO	NULL	NULL	10.00	0.00	NULL			0	0	0	3	1	sem_imagem.png	0	NULL
249	AROMATIZADOR DE AMBIENTE	NULL	UNID	0.00	12.00	12.00	12.000	0	NULL	NULL	NULL	NULL	0	0	1.000	0.000	1	0	0	0	PADR├âO	PADR├âO	PADR├âO	PADR├âO	PADR├âO	SIM	NULL	NULL	12.00	0.00	NULL	NULL	PADRAO	0	0	0	NULL	1	NULL	0	NULL
251	LIMPA CANIL 2 LITROS	NULL	UNID	1.90	10.00	10.00	10.000	0	0.00	21/12/2024	21/12/2024	NULL	0	0	7.000	0.000	0	0	0	0	PADR├âO	PADR├âO	PADR├âO	PADR├âO	PADR├âO	N├âO	NULL	NULL	8.10	0.00	NULL			0	0	0	3	1	sem_imagem.png	0	NULL
254	DETERGENTE NEUTRO ATACADO	NULL	UNID	0.00	3.00	3.00	3.000	0	0.00	08/12/2025	08/12/2025	NULL	0	0	101.000	0.000	1	0	1	0	PADR├âO	PADR├âO	PADR├âO	PADR├âO	PADR├âO	N├âO	NULL	NULL	3.00	0.00	NULL			0	0	0	3	1	sem_imagem.png	0	NULL
255	FLANELA LARANJA MEDIA	NULL	UNID	0.00	6.50	6.50	6.500	0	0.00	10/06/2026	10/06/2026	NULL	0	0	8.000	0.000	0	0	0	0	PADR├âO	PADR├âO	PADR├âO	PADR├âO	PADR├âO	N├âO	NULL	NULL	6.50	0.00	NULL			0	0	0	3	1	sem_imagem.png	0	NULL
260	PANO DE PIA	NULL	UNID	0.00	3.00	3.00	3.000	0	NULL	NULL	NULL	NULL	0	0	21.000	0.000	1	0	0	0	PADR├âO	PADR├âO	PADR├âO	PADR├âO	PADR├âO	N├âO	NULL	NULL	3.00	0.00	NULL	NULL	PADRAO	0	0	0	NULL	1	NULL	0	NULL
262	REVITALIZADOR	NULL	UNID	0.00	10.00	10.00	10.000	0	0.00	14/10/2024	14/10/2024	NULL	0	0	3.000	0.000	0	0	0	0	PADR├âO	PADR├âO	PADR├âO	PADR├âO	PADR├âO	N├âO	NULL	NULL	10.00	0.00	NULL			0	0	0	0	1	sem_imagem.png	0	NULL
263	VASSOURA SOFT	NULL	UNID	0.00	17.00	17.00	17.000	0	0.00	14/10/2024	14/10/2024	NULL	0	0	2.000	0.000	0	0	1	0	PADR├âO	PADR├âO	PADR├âO	PADR├âO	PADR├âO	N├âO	NULL	NULL	17.00	0.00	NULL			0	0	0	0	1	sem_imagem.png	0	NULL
266	NAFTALINA	NULL	UNID	3.50	3.50	3.50	3.500	0	0.00	23/10/2024	23/10/2024	NULL	0	0	0.000	0.000	1	0	0	0	PADR├âO	PADR├âO	PADR├âO	PADR├âO	PADR├âO	N├âO	NULL	NULL	0.00	0.00	NULL			0	0	0	3	1	sem_imagem.png	0	NULL
267	LUVA P	NULL	UNID	0.00	7.50	7.50	7.500	0	NULL	NULL	NULL	NULL	0	0	6.000	0.000	1	0	1	0	PADR├âO	PADR├âO	PADR├âO	PADR├âO	PADR├âO	N├âO	NULL	NULL	7.50	0.00	NULL	NULL	PADRAO	0	0	0	NULL	1	NULL	0	NULL
274	VEJAX CONCENTRADO	NULL	UNID	0.00	20.00	20.00	20.000	0	NULL	NULL	NULL	NULL	0	0	1.000	0.000	1	0	0	0	PADR├âO	PADR├âO	PADR├âO	PADR├âO	PADR├âO	N├âO	NULL	NULL	20.00	0.00	NULL	NULL	PADRAO	0	0	0	NULL	1	NULL	0	NULL
276	LIMPA CANIL 5L	NULL	UNID	13.80	20.00	20.00	20.000	0	0.00	21/01/2026	21/01/2026	NULL	0	0	1.000	0.000	0	0	0	0	PADR├âO	PADR├âO	PADR├âO	PADR├âO	PADR├âO	N├âO	NULL	NULL	6.20	0.00	NULL			0	0	0	3	1	276.jpg	0	NULL
281	ESCOVA SANITARIA	NULL	UNID	14.90	14.90	14.90	14.900	0	0.00	13/11/2025	13/11/2025	NULL	0	0	1.000	0.000	1	0	1	0	PADR├âO	PADR├âO	PADR├âO	PADR├âO	PADR├âO	N├âO	NULL	NULL	0.00	0.00	NULL			0	0	0	3	1	sem_imagem.png	0	NULL
283	LIXEIRA	NULL	UNID	0.00	39.90	39.90	39.900	0	0.00	21/11/2024	21/11/2024	NULL	0	0	1.000	0.000	0	0	0	0	PADR├âO	PADR├âO	PADR├âO	PADR├âO	PADR├âO	N├âO	NULL	NULL	39.90	0.00	NULL			0	0	0	0	1	sem_imagem.png	0	NULL
285	GEL SANITARIO	NULL	UNID	2.45	4.00	4.00	4.000	0	0.00	11/08/2026	11/08/2026	NULL	0	0	14.000	0.000	0	0	0	0	PADR├âO	PADR├âO	PADR├âO	PADR├âO	PADR├âO	N├âO	NULL	NULL	1.55	0.00	NULL			0	0	0	3	1	sem_imagem.png	0	NULL
286	ODORIZANTE DE AMBIENTE BIXINHO	NULL	UNID	3.70	13.00	13.00	13.000	0	0.00	11/08/2026	11/08/2026	NULL	0	0	4.000	0.000	0	0	0	0	PADR├âO	PADR├âO	PADR├âO	PADR├âO	PADR├âO	N├âO	NULL	NULL	9.30	0.00	NULL			0	0	0	3	1	sem_imagem.png	0	NULL
287	AROMATIZANTE	NULL	UNID	0.00	15.00	15.00	15.000	0	0.00	13/06/2026	13/06/2026	NULL	0	0	7.000	0.000	1	0	1	0	PADR├âO	PADR├âO	PADR├âO	PADR├âO	PADR├âO	N├âO	NULL	NULL	15.00	0.00	NULL			0	0	0	3	1	sem_imagem.png	0	NULL
288	AROMATIZANTE DIFUSOR	NULL	UNID	0.00	18.00	18.00	18.000	0	0.00	02/03/2026	02/03/2026	NULL	0	0	6.000	0.000	1	0	0	0	PADR├âO	PADR├âO	PADR├âO	PADR├âO	PADR├âO	N├âO	NULL	NULL	18.00	0.00	NULL			0	0	0	3	1	sem_imagem.png	0	NULL
289	PA EXTRA	NULL	UNID	0.00	9.90	9.90	9.900	0	NULL	NULL	NULL	NULL	0	0	30.000	0.000	1	0	0	0	PADR├âO	PADR├âO	PADR├âO	PADR├âO	PADR├âO	N├âO	NULL	NULL	9.90	0.00	NULL	NULL	PADRAO	0	0	0	NULL	1	NULL	0	NULL
291	LIMPA BAU 1 LITRO	NULL	UNID	2.63	8.00	8.00	8.000	0	0.00	11/06/2026	11/06/2026	NULL	0	0	0.000	0.000	0	0	1	0	PADR├âO	PADR├âO	PADR├âO	PADR├âO	PADR├âO	N├âO	NULL	NULL	5.37	0.00	NULL			0	0	0	3	1	sem_imagem.png	0	NULL
294	REMOVEDOR 2L	NULL	UNID	0.00	70.00	70.00	70.000	0	NULL	NULL	NULL	NULL	0	0	1.000	0.000	1	0	0	0	PADR├âO	PADR├âO	PADR├âO	PADR├âO	PADR├âO	N├âO	NULL	NULL	70.00	0.00	NULL	NULL	PADRAO	0	0	0	NULL	1	NULL	0	NULL
299	DESINFETANTE MAMAE BEBE 2 LITROS	NULL	UNID	1.93	6.50	6.50	6.500	0	0.00	11/06/2026	11/06/2026	NULL	0	0	1.000	0.000	0	0	0	0	PADR├âO	PADR├âO	PADR├âO	PADR├âO	PADR├âO	N├âO	NULL	NULL	4.57	0.00	NULL			0	0	0	3	1	sem_imagem.png	0	NULL
300	DESINFETANTE JASMIN 5 LITROS	NULL	UNID	4.12	11.50	11.50	11.500	0	0.00	11/06/2026	11/06/2026	NULL	0	0	2.000	0.000	0	0	0	0	PADR├âO	PADR├âO	PADR├âO	PADR├âO	PADR├âO	N├âO	NULL	NULL	7.38	0.00	NULL			0	0	0	3	1	sem_imagem.png	0	NULL
307	CONCENTRATO UBATUBA	NULL	UNID	7.95	15.90	15.90	15.900	0	0.00	12/01/2026	12/01/2026	NULL	0	0	2.000	0.000	0	0	0	0	PADR├âO	PADR├âO	PADR├âO	PADR├âO	PADR├âO	N├âO	NULL	NULL	7.95	0.00	NULL			0	0	0	3	1	sem_imagem.png	0	NULL
308	BARRILHA 1 KILO	NULL	UNID	0.00	20.00	20.00	20.000	0	0.00	02/06/2025	02/06/2025	NULL	0	0	3.000	0.000	1	0	0	0	PADR├âO	PADR├âO	PADR├âO	PADR├âO	PADR├âO	N├âO	NULL	NULL	20.00	0.00	NULL			0	0	0	3	1	sem_imagem.png	0	NULL
315	GATILHO COM EMBALAGEM	NULL	UNID	0.00	9.90	9.90	9.900	0	NULL	NULL	NULL	NULL	0	0	1.000	0.000	1	0	0	0	PADR├âO	PADR├âO	PADR├âO	PADR├âO	PADR├âO	N├âO	NULL	NULL	9.90	0.00	NULL	NULL	PADRAO	0	0	0	NULL	1	NULL	0	NULL
316	CANETAO QUADRO BRANCO	NULL	UNID	0.00	9.90	9.90	9.900	0	NULL	NULL	NULL	NULL	0	0	4.000	0.000	1	0	0	0	PADR├âO	PADR├âO	PADR├âO	PADR├âO	PADR├âO	N├âO	NULL	NULL	9.90	0.00	NULL	NULL	PADRAO	0	0	0	NULL	1	NULL	0	NULL
317	ALCOOL GEL 5L	NULL	UNID	0.00	66.00	66.00	66.000	0	NULL	NULL	NULL	NULL	0	0	1.000	0.000	1	0	0	0	PADR├âO	PADR├âO	PADR├âO	PADR├âO	PADR├âO	N├âO	NULL	NULL	66.00	0.00	NULL	NULL	PADRAO	0	0	0	NULL	1	NULL	0	NULL
321	LIMPA TETO	NULL	UNID	0.00	24.00	24.00	24.000	0	NULL	NULL	NULL	NULL	0	0	1.000	0.000	1	0	0	0	PADR├âO	PADR├âO	PADR├âO	PADR├âO	PADR├âO	N├âO	NULL	NULL	24.00	0.00	NULL	NULL	PADRAO	0	0	0	NULL	1	NULL	0	NULL
323	LIMPA VIDROS 500ML	NULL	UNID	0.00	10.00	10.00	10.000	0	0.00	04/08/2026	04/08/2026	NULL	0	0	8.000	0.000	0	0	1	0	PADR├âO	PADR├âO	PADR├âO	PADR├âO	PADR├âO	N├âO	NULL	NULL	10.00	0.00	NULL			0	0	0	3	1	323.jpg	0	NULL
328	MATA INSETO 500ML C GATILHO	NULL	UNID	3.00	15.00	15.00	15.000	0	0.00	24/12/2025	24/12/2025	NULL	0	0	3.000	0.000	0	0	0	0	PADR├âO	PADR├âO	PADR├âO	PADR├âO	PADR├âO	N├âO	NULL	NULL	12.00	0.00	NULL			0	0	0	3	1	sem_imagem.png	0	NULL
333	BACIA 40LTS	NULL	UNID	0.00	39.90	39.90	39.900	0	NULL	NULL	NULL	NULL	0	0	1.000	0.000	1	0	0	0	PADR├âO	PADR├âO	PADR├âO	PADR├âO	PADR├âO	N├âO	NULL	NULL	39.90	0.00	NULL	NULL	PADRAO	0	0	0	NULL	1	NULL	0	NULL
334	BALDE 30LTS	NULL	UNID	0.00	39.90	39.90	39.900	0	NULL	NULL	NULL	NULL	0	0	1.000	0.000	1	0	0	0	PADR├âO	PADR├âO	PADR├âO	PADR├âO	PADR├âO	N├âO	NULL	NULL	39.90	0.00	NULL	NULL	PADRAO	0	0	0	NULL	1	NULL	0	NULL
335	CESTO TELADO 60LTS	NULL	UNID	0.00	49.90	49.90	49.900	0	0.00	06/08/2026	06/08/2026	NULL	0	0	2.000	0.000	0	0	0	0	PADR├âO	PADR├âO	PADR├âO	PADR├âO	PADR├âO	N├âO	NULL	NULL	49.90	0.00	NULL			0	0	0	3	1	335.jpg	0	NULL
337	DESINFETANTE JASMIN 2 LITROS	NULL	UNID	1.93	6.50	6.50	6.500	0	0.00	17/02/2025	17/02/2025	NULL	0	0	1.000	0.000	0	0	0	0	PADR├âO	PADR├âO	PADR├âO	PADR├âO	PADR├âO	N├âO	NULL	NULL	4.57	0.00	NULL			0	0	0	3	1	sem_imagem.png	0	NULL
341	ESFREGAãÆO GARI	NULL	UNID	0.00	56.00	56.00	56.000	0	0.00	11/08/2026	11/08/2026	NULL	0	0	0.000	0.000	0	0	0	0	PADR├âO	PADR├âO	PADR├âO	PADR├âO	PADR├âO	N├âO	NULL	NULL	56.00	0.00	NULL			0	0	0	3	1	sem_imagem.png	0	NULL
345	REGADOR	NULL	UNID	0.00	19.90	19.90	19.900	0	NULL	NULL	NULL	NULL	0	0	1.000	0.000	1	0	0	0	PADR├âO	PADR├âO	PADR├âO	PADR├âO	PADR├âO	N├âO	NULL	NULL	19.90	0.00	NULL	NULL	PADRAO	0	0	0	NULL	1	NULL	0	NULL
346	ALCOOL GEL 500 ML	NULL	UNID	0.00	12.00	12.00	12.000	0	0.00	31/03/2025	31/03/2025	NULL	0	0	1.000	0.000	0	0	0	0	PADR├âO	PADR├âO	PADR├âO	PADR├âO	PADR├âO	N├âO	NULL	NULL	12.00	0.00	NULL			0	0	0	3	1	346.jpg	0	NULL
347	CAIXA ACOPLADA	NULL	UNID	0.00	8.90	8.90	8.900	0	NULL	NULL	NULL	NULL	0	0	10.000	0.000	1	0	0	0	PADR├âO	PADR├âO	PADR├âO	PADR├âO	PADR├âO	N├âO	NULL	NULL	8.90	0.00	NULL	NULL	PADRAO	0	0	0	NULL	1	NULL	0	NULL
348	PANO MICROFIBRA	NULL	UNID	0.00	9.90	9.90	9.900	0	0.00	02/04/2025	02/04/2025	NULL	0	0	1.000	0.000	1	0	0	0	PADR├âO	PADR├âO	PADR├âO	PADR├âO	PADR├âO	N├âO	NULL	NULL	9.90	0.00	NULL			0	0	0	3	1	sem_imagem.png	0	NULL
351	LIMPA CARPETE	NULL	UNID	6.00	6.00	6.00	6.000	0	0.00	26/04/2025	26/04/2025	NULL	0	0	1.000	0.000	0	0	1	0	PADR├âO	PADR├âO	PADR├âO	PADR├âO	PADR├âO	N├âO	NULL	NULL	0.00	0.00	NULL			0	0	0	0	1	sem_imagem.png	0	NULL
354	SALADEIRA COM TAMPA	NULL	UNID	0.00	21.90	21.90	21.900	0	0.00	30/06/2025	30/06/2025	NULL	0	0	3.000	0.000	0	0	0	0	PADR├âO	PADR├âO	PADR├âO	PADR├âO	PADR├âO	N├âO	NULL	NULL	21.90	0.00	NULL			0	0	0	0	1	sem_imagem.png	0	NULL
355	LIXEIRINHA	NULL	UNID	0.00	8.00	8.00	8.000	0	0.00	01/07/2025	01/07/2025	NULL	0	0	2.000	0.000	0	0	0	0	PADR├âO	PADR├âO	PADR├âO	PADR├âO	PADR├âO	N├âO	NULL	NULL	8.00	0.00	NULL			0	0	0	0	1	sem_imagem.png	0	NULL
378	BUCHA DE BANHO	NULL	UNID	1.18	6.00	6.00	6.000	0	0.00	25/06/2024	25/06/2024	NULL	0	0	4.000	0.000	2	0	0	0	PADR├âO	PADR├âO	PADR├âO	PADR├âO	PADR├âO	N├âO	NULL	NULL	4.82	0.00	NULL			0	0	0	3	1	sem_imagem.png	0	NULL
379	SACOS DE 200LTS	NULL	UNID	25.00	25.00	25.00	25.000	0	0.00	25/06/2024	25/06/2024	NULL	0	0	3.000	0.000	2	0	0	0	PADR├âO	PADR├âO	PADR├âO	PADR├âO	PADR├âO	N├âO	NULL	NULL	0.00	0.00	NULL			0	0	0	3	1	sem_imagem.png	0	NULL
381	AGUA SANITARIA 5 LITROS	NULL	UNID	11.00	11.00	11.00	11.000	0	0.00	25/06/2024	25/06/2024	NULL	0	0	1.000	0.000	0	0	0	0	PADR├âO	PADR├âO	PADR├âO	PADR├âO	PADR├âO	N├âO	NULL	NULL	0.00	0.00	NULL			0	0	0	3	1	sem_imagem.png	0	NULL
386	LIMPA CONCRETO 5L	NULL	UNID	0.00	110.00	110.00	110.000	0	0.00	29/05/2026	29/05/2026	NULL	0	0	1.000	0.000	1	0	0	0	PADR├âO	PADR├âO	PADR├âO	PADR├âO	PADR├âO	N├âO	NULL	NULL	110.00	0.00	NULL			0	0	0	3	1	386.jpg	0	NULL
389	BALDE 15L	NULL	UNID	0.00	20.00	20.00	20.000	0	NULL	NULL	NULL	NULL	0	0	1.000	0.000	1	0	0	0	PADR├âO	PADR├âO	PADR├âO	PADR├âO	PADR├âO	N├âO	NULL	NULL	20.00	0.00	NULL	NULL	PADRAO	0	0	0	NULL	1	NULL	0	NULL
390	VASSOURA GRAN MESTRA	NULL	UNID	0.00	24.00	24.00	24.000	0	0.00	30/04/2026	30/04/2026	NULL	0	0	6.000	0.000	1	0	0	0	PADR├âO	PADR├âO	PADR├âO	PADR├âO	PADR├âO	N├âO	NULL	NULL	24.00	0.00	NULL			0	0	0	3	1	sem_imagem.png	0	NULL
394	VASSOURA PIAAÔÇíAVA GLOBO	NULL	UNID	0.00	22.00	22.00	22.000	0	0.00	15/06/2026	15/06/2026	NULL	0	0	6.000	0.000	1	0	1	0	PADR├âO	PADR├âO	PADR├âO	PADR├âO	PADR├âO	N├âO	NULL	NULL	22.00	0.00	NULL			0	0	0	3	1	sem_imagem.png	0	NULL
397	PEDRA ANTIMOFO	NULL	UNID	1.93	4.00	4.00	4.000	0	0.00	29/08/2025	29/08/2025	NULL	0	0	10.000	0.000	0	0	0	0	PADR├âO	PADR├âO	PADR├âO	PADR├âO	PADR├âO	N├âO	NULL	NULL	2.07	0.00	NULL			0	0	0	3	1	sem_imagem.png	0	NULL
398	TIRA MANCHA DE ROUPA	NULL	UNID	13.00	13.00	13.00	13.000	0	0.00	30/07/2025	30/07/2025	NULL	0	0	0.000	0.000	1	0	0	0	PADR├âO	PADR├âO	PADR├âO	PADR├âO	PADR├âO	N├âO	NULL	NULL	0.00	0.00	NULL			0	0	0	3	1	sem_imagem.png	0	NULL
399	AGUA SANITARIA 2 LITROS	NULL	UNID	2.01	6.00	6.00	6.000	0	0.00	03/09/2025	03/09/2025	NULL	0	0	7.000	0.000	0	0	0	0	PADR├âO	PADR├âO	PADR├âO	PADR├âO	PADR├âO	N├âO	NULL	NULL	3.99	0.00	NULL			0	0	0	3	1	sem_imagem.png	0	NULL
407	SILICONE 250GR	NULL	UNID	0.00	10.00	10.00	10.000	0	0.00	20/10/2025	20/10/2025	NULL	0	0	4.000	0.000	0	0	0	0	PADR├âO	PADR├âO	PADR├âO	PADR├âO	PADR├âO	N├âO	NULL	NULL	10.00	0.00	NULL			0	0	0	3	1	sem_imagem.png	0	NULL
411	SHAMPOO COM CERA 5 LITROS	NULL	UNID	18.63	40.00	40.00	40.000	0	0.00	22/11/2025	22/11/2025	NULL	0	0	2.000	0.000	0	0	0	0	PADR├âO	PADR├âO	PADR├âO	PADR├âO	PADR├âO	N├âO	NULL	NULL	21.37	0.00	NULL			0	0	0	3	1	sem_imagem.png	0	NULL
412	LIMPA PAINEL 500 ML	NULL	UNID	9.90	9.90	9.90	9.900	0	0.00	03/12/2025	03/12/2025	NULL	0	0	0.000	0.000	1	0	0	0	PADR├âO	PADR├âO	PADR├âO	PADR├âO	PADR├âO	N├âO	NULL	NULL	0.00	0.00	NULL			0	0	0	0	1	412.jpg	0	NULL
413	SOLUPAM ATACADO	NULL	UNID	3.00	4.00	4.00	4.000	0	0.00	09/12/2025	09/12/2025	NULL	0	0	0.000	0.000	1	0	0	0	PADR├âO	PADR├âO	PADR├âO	PADR├âO	PADR├âO	N├âO	NULL	NULL	1.00	0.00	NULL			0	0	0	3	1	sem_imagem.png	0	NULL
415	VARRE TETO	NULL	UNID	47.00	47.00	47.00	47.000	0	0.00	11/12/2025	11/12/2025	NULL	0	0	0.000	0.000	1	0	0	0	PADR├âO	PADR├âO	PADR├âO	PADR├âO	PADR├âO	N├âO	NULL	NULL	0.00	0.00	NULL			0	0	0	0	1	sem_imagem.png	0	NULL
416	VASSOURA DE BRUXA	NULL	UNID	25.00	45.90	45.90	45.900	0	0.00	22/12/2025	22/12/2025	NULL	0	0	3.000	0.000	0	0	0	0	PADR├âO	PADR├âO	PADR├âO	PADR├âO	PADR├âO	N├âO	NULL	NULL	20.90	0.00	NULL			0	0	0	3	1	416.jpg	0	NULL
417	SABAO QUEROSENE 2 LITROS	NULL	UNID	15.00	15.00	15.00	15.000	0	0.00	09/01/2026	09/01/2026	NULL	0	0	0.000	0.000	0	0	1	0	PADR├âO	PADR├âO	PADR├âO	PADR├âO	PADR├âO	N├âO	NULL	NULL	0.00	0.00	NULL			0	0	0	3	1	sem_imagem.png	0	NULL
418	SACO 5 UNIDADE REFORAÔÇíADO	NULL	UNID	12.50	12.50	12.50	12.500	0	0.00	15/01/2026	15/01/2026	NULL	0	0	0.000	0.000	1	0	0	0	PADR├âO	PADR├âO	PADR├âO	PADR├âO	PADR├âO	N├âO	NULL	NULL	0.00	0.00	NULL			0	0	0	3	1	sem_imagem.png	0	NULL
419	SABAO CASEIRO 350 GR	NULL	UNID	5.00	5.00	5.00	5.000	0	0.00	21/01/2026	21/01/2026	NULL	0	0	0.000	0.000	1	0	0	0	PADR├âO	PADR├âO	PADR├âO	PADR├âO	PADR├âO	N├âO	NULL	NULL	0.00	0.00	NULL			0	0	0	0	1	sem_imagem.png	0	NULL
422	VASSOURA VERONA PLUS	NULL	UNID	7.80	19.00	16.00	19.000	0	0.00	28/01/2026	28/01/2026	NULL	0	0	1.000	0.000	1	0	0	0	PADR├âO	PADR├âO	PADR├âO	PADR├âO	PADR├âO	N├âO	NULL	NULL	11.20	0.00	NULL			0	0	0	3	1	sem_imagem.png	0	NULL
423	PERCABONATO 1KG	NULL	UNID	0.00	25.00	25.00	25.000	0	0.00	30/01/2026	30/01/2026	NULL	0	0	0.000	0.000	1	0	0	0	PADR├âO	PADR├âO	PADR├âO	PADR├âO	PADR├âO	N├âO	NULL	NULL	25.00	0.00	NULL			0	0	0	3	1	sem_imagem.png	0	NULL
424	DESENGRAXANTE	NULL	UNID	16.50	16.50	16.50	16.500	0	0.00	07/02/2026	07/02/2026	NULL	0	0	0.000	0.000	1	0	0	0	PADR├âO	PADR├âO	PADR├âO	PADR├âO	PADR├âO	N├âO	NULL	NULL	0.00	0.00	NULL			0	0	0	3	1	sem_imagem.png	0	NULL
430	DESINGRAXANTE 2 LITROS	NULL	UNID	14.50	16.00	16.00	16.000	0	0.00	17/03/2026	17/03/2026	NULL	0	0	0.000	0.000	1	0	0	0	PADR├âO	PADR├âO	PADR├âO	PADR├âO	PADR├âO	N├âO	NULL	NULL	1.50	0.00	NULL			0	0	0	0	1	sem_imagem.png	0	NULL
439	DESINGRAXANTE 5 LITROS	NULL	UNID	0.00	35.00	35.00	35.000	0	0.00	04/05/2026	04/05/2026	NULL	0	0	0.000	0.000	1	0	0	0	PADR├âO	PADR├âO	PADR├âO	PADR├âO	PADR├âO	N├âO	NULL	NULL	35.00	0.00	NULL			0	0	0	3	1	sem_imagem.png	0	NULL
440	KIT PROMOCIONAL 50 REAIS	NULL	UNID	0.00	50.00	50.00	50.000	0	0.00	08/05/2026	08/05/2026	NULL	0	0	0.000	0.000	1	0	0	0	PADR├âO	PADR├âO	PADR├âO	PADR├âO	PADR├âO	N├âO	NULL	NULL	50.00	0.00	NULL			0	0	0	3	1	sem_imagem.png	0	NULL
441	PERCARBONATO 500GR	NULL	UNID	7.00	15.00	15.00	15.000	0	0.00	04/06/2026	04/06/2026	NULL	0	0	4.000	0.000	0	0	0	0	PADR├âO	PADR├âO	PADR├âO	PADR├âO	PADR├âO	N├âO	NULL	NULL	8.00	0.00	NULL			0	0	0	3	1	441.jpg	0	NULL
427428	TAPETE	NULL	UNID	13.00	13.00	13.00	13.000	0	0.00	21/02/2026	21/02/2026	NULL	0	0	0.000	0.000	1	0	0	0	PADR├âO	PADR├âO	PADR├âO	PADR├âO	PADR├âO	N├âO	NULL	NULL	0.00	0.00	NULL			0	0	0	0	1	sem_imagem.png	0	NULL
427430	PERFUME PARA ROUPA AMACIEX 1L	NULL	UNID	0.00	12.50	12.50	12.500	0	0.00	08/06/2026	08/06/2026	NULL	0	0	0.000	0.000	1	0	0	0	PADR├âO	PADR├âO	PADR├âO	PADR├âO	PADR├âO	N├âO	NULL	NULL	12.50	0.00	NULL			0	0	0	3	1	sem_imagem.png	0	NULL
427431	FLANELA BRANCA MEDIA	NULL	UNID	0.00	6.50	6.50	6.500	0	0.00	10/06/2026	10/06/2026	NULL	0	0	1.000	0.000	0	0	0	0	PADR├âO	PADR├âO	PADR├âO	PADR├âO	PADR├âO	N├âO	NULL	NULL	6.50	0.00	NULL			0	0	0	3	1	sem_imagem.png	0	NULL
427432	VEJAX MULTIUSO SPARKLING 2 LITROS	NULL	UNID	4.00	12.00	12.00	12.000	0	0.00	11/06/2026	11/06/2026	NULL	0	0	0.000	5.000	0	0	0	0	PADR├âO	PADR├âO	PADR├âO	PADR├âO	PADR├âO	N├âO	NULL	NULL	8.00	0.00	NULL			0	0	0	3	1	sem_imagem.png	0	NULL
427433	VEJAX MULTIUSO SPARKLING 1 LITRO	NULL	UNID	2.50	7.00	7.00	7.000	0	0.00	11/06/2026	11/06/2026	NULL	0	0	0.000	5.000	0	0	0	0	PADR├âO	PADR├âO	PADR├âO	PADR├âO	PADR├âO	N├âO	NULL	NULL	4.50	0.00	NULL			0	0	0	3	1	sem_imagem.png	0	NULL
427434	ODORIZANTE PARA CARRO TROUSSARDI (AZUL)	NULL	UNID	4.00	10.00	10.00	10.000	0	0.00	11/06/2026	11/06/2026	NULL	0	0	1.000	0.000	0	0	0	0	PADR├âO	PADR├âO	PADR├âO	PADR├âO	PADR├âO	N├âO	NULL	NULL	6.00	0.00	NULL			0	0	0	3	1	sem_imagem.png	0	NULL
427440	AMACIANTE DOWNIE 5L	NULL	UNID	5.02	25.00	25.00	25.000	0	0.00	30/06/2026	30/06/2026	NULL	0	0	0.000	0.000	0	0	0	0	PADR├âO	PADR├âO	PADR├âO	PADR├âO	PADR├âO	N├âO	NULL	NULL	19.98	0.00	NULL			0	0	0	3	1	427440.jpg	0	NULL
427441	ALCOOL PERFUMADO MAAÔÇíA CANELA 5 LITROS	NULL	UNID	0.00	19.90	19.90	19.900	0	0.00	04/07/2026	04/07/2026	NULL	0	0	0.000	5.000	0	0	0	0	PADR├âO	PADR├âO	PADR├âO	PADR├âO	PADR├âO	N├âO	NULL	NULL	19.90	0.00	NULL			0	0	0	3	1	sem_imagem.png	0	NULL
427442	MTC 5LTS	NULL	UNID	0.00	110.00	110.00	110.000	0	NULL	NULL	NULL	NULL	0	0	1.000	0.000	1	0	0	0	PADR├âO	PADR├âO	PADR├âO	PADR├âO	PADR├âO	N├âO	NULL	NULL	110.00	0.00	NULL	NULL	PADRAO	0	0	0	NULL	1	NULL	0	NULL
427444	DESINFETANTE MARINE 5 LITROS	NULL	UNID	3.33	11.50	11.50	11.500	0	0.00	10/07/2026	10/07/2026	NULL	0	0	0.000	5.000	0	0	0	0	PADR├âO	PADR├âO	PADR├âO	PADR├âO	PADR├âO	N├âO	NULL	NULL	8.17	0.00	NULL			0	0	0	3	1	sem_imagem.png	0	NULL
427445	LIMPA CARPETE 2 LITROS	NULL	UNID	0.00	18.00	18.00	18.000	0	NULL	NULL	NULL	NULL	0	0	1.000	0.000	1	0	0	0	PADR├âO	PADR├âO	PADR├âO	PADR├âO	PADR├âO	N├âO	NULL	NULL	18.00	0.00	NULL	NULL	PADRAO	0	0	0	NULL	1	NULL	0	NULL
427446	DESENGRAXANTE 5 LITROS	NULL	UNID	0.00	39.90	39.90	39.900	0	NULL	NULL	NULL	NULL	0	0	1.000	0.000	1	0	0	0	PADR├âO	PADR├âO	PADR├âO	PADR├âO	PADR├âO	N├âO	NULL	NULL	39.90	0.00	NULL	NULL	PADRAO	0	0	0	NULL	1	NULL	0	NULL
427447	CESTO TELADO 12 LTS	NULL	UNID	0.00	8.00	49.90	8.000	0	0.00	06/08/2026	06/08/2026	NULL	0	0	1.000	0.000	0	0	0	0	PADR├âO	PADR├âO	PADR├âO	PADR├âO	PADR├âO	N├âO	NULL	NULL	8.00	0.00	NULL			0	0	0	3	1	427447.jpg	0	NULL
427448	ALCOOL PERFUMADO MAAÔÇíA CANELA 2 LITROS	NULL	UNID	0.00	10.00	10.00	10.000	0	0.00	11/08/2026	11/08/2026	NULL	0	0	1.000	5.000	0	0	0	0	PADR├âO	PADR├âO	PADR├âO	PADR├âO	PADR├âO	N├âO	NULL	NULL	10.00	0.00	NULL			0	0	0	3	1	427448.jpg	0	NULL
427449	CONCENTRATO TULIPA NEGRA	NULL	UNID	7.95	15.90	15.90	15.900	0	0.00	11/08/2026	11/08/2026	NULL	0	0	2.000	0.000	0	0	0	0	PADR├âO	PADR├âO	PADR├âO	PADR├âO	PADR├âO	N├âO	NULL	NULL	7.95	0.00	NULL			0	0	0	3	1	sem_imagem.png	0	NULL
427450	CONCENTRATO CHA BRANCO	NULL	UNID	7.95	15.90	15.90	15.900	0	0.00	11/08/2026	11/08/2026	NULL	0	0	2.000	0.000	0	0	0	0	PADR├âO	PADR├âO	PADR├âO	PADR├âO	PADR├âO	N├âO	NULL	NULL	7.95	0.00	NULL			0	0	0	3	1	sem_imagem.png	0	NULL
427451	CONCENTRATO FLORAL	NULL	UNID	7.95	15.90	15.90	15.900	0	0.00	11/08/2026	11/08/2026	NULL	0	0	1.000	0.000	0	0	0	0	PADR├âO	PADR├âO	PADR├âO	PADR├âO	PADR├âO	N├âO	NULL	NULL	7.95	0.00	NULL			0	0	0	3	1	sem_imagem.png	0	NULL
427452	CONCENTRATO LAVANDA	NULL	UNID	7.95	15.90	15.90	15.900	0	0.00	11/08/2026	11/08/2026	NULL	0	0	0.000	0.000	0	0	0	0	PADR├âO	PADR├âO	PADR├âO	PADR├âO	PADR├âO	N├âO	NULL	NULL	7.95	0.00	NULL			0	0	0	3	1	sem_imagem.png	0	NULL
427453	CONCENTRATO MARINE	NULL	UNID	7.95	15.90	15.90	15.900	0	0.00	11/08/2026	11/08/2026	NULL	0	0	0.000	0.000	0	0	0	0	PADR├âO	PADR├âO	PADR├âO	PADR├âO	PADR├âO	N├âO	NULL	NULL	7.95	0.00	NULL			0	0	0	3	1	sem_imagem.png	0	NULL
427454	CONCENTRATO GIOVANNA	NULL	UNID	7.95	15.90	15.90	15.900	0	0.00	11/08/2026	11/08/2026	NULL	0	0	1.000	0.000	0	0	0	0	PADR├âO	PADR├âO	PADR├âO	PADR├âO	PADR├âO	N├âO	NULL	NULL	7.95	0.00	NULL			0	0	0	3	1	sem_imagem.png	0	NULL
427455	CONCENTRATO FLORES DO CAMPO	NULL	UNID	7.95	15.90	15.90	15.900	0	0.00	11/08/2026	11/08/2026	NULL	0	0	1.000	0.000	0	0	0	0	PADR├âO	PADR├âO	PADR├âO	PADR├âO	PADR├âO	N├âO	NULL	NULL	7.95	0.00	NULL			0	0	0	3	1	sem_imagem.png	0	NULL
427456	ALCOOL 70 500ML	NULL	UNID	0.00	10.00	10.00	10.000	0	0.00	13/08/2026	13/08/2026	NULL	0	0	4.000	0.000	0	0	0	0	PADR├âO	PADR├âO	PADR├âO	PADR├âO	PADR├âO	N├âO	NULL	NULL	10.00	0.00	NULL			0	0	0	0	1	427456.jpg	0	NULL
427457	PULVERIZADOR	NULL	UNID	6.00	13.00	13.00	13.000	0	0.00	21/08/2026	21/08/2026	NULL	0	0	0.000	0.000	0	0	0	0	PADR├âO	PADR├âO	PADR├âO	PADR├âO	PADR├âO	N├âO	NULL	NULL	7.00	0.00	NULL			0	0	0	0	1	sem_imagem.png	0	NULL
