0	TAXA ENTREGA
1	PANO DE PRATO
2	CLORO 1 LITRO
3	CLORO 5 LITROS
4	ODORIZANTE PARA CARRO VANILLA (ROXO)
5	HOME SPRAY BAUNILHA
7	CLORO 2 LITROS
9	MARIDAO 2 LITROS
10	MARIDAO 5 LITROS
11	SOLUPAM 1 LITRO
12	SOLUPAM 2 LITROS
13	SOLUPAM 5 LITROS
15	LIMPA PEDRA 2 LITROS
16	LIMPA PEDRA 5 LITROS
17	SABAO LIQUIDO ARIEX 2 LITROS
18	CLORO 5 LITROS
20	ALCOOL GEL 1 LITRO
21	DESINFETANTE CASA LIMPA 2L
22	DESINFETANTE FLORAL 2L
23	DESINFETANTE LAVANDA 2L
24	DESINFETANTE CAPIM LIMAãÆO 2L
25	DESINFETANTE CITRONELA 2L
26	DESINFETANTE EUCALIPTO 2 LITROS
27	DESINFETANTE PINHO SOL 2L
28	DESINFETANTE KAIAK 2L
30	DESINFETANTE REVEILLON 2 LITROS
31	DESINFETANTE TALCO 2 LITROS
32	DESINFETANTE NATUREZA 2L
33	DESINFETANTE KAIAK 5 LITROS
34	DESINFETANTE EUCALIPTO 5 LITROS
36	DESINFETANTE CASA LIMPA 5 LITROS
37	DESINFETANTE LAVANDA 5 LITROS
38	DESINFETANTE REVEILLON 5 LITROS
39	DESINFETANTE TALCO 5 LITROS
40	DESINFETANTE PINHO SOL 5 LITROS
41	DESINFETANTE CITRONELA 5 LITROS
42	DESINFETANTE CAPIM LIMAãÆO 5 LITROS
43	DESINFETANTE NATUREZA 5 LITROS
44	DESINFETANTE FLORAL 5 LITROS
45	MATA INSETOS 1 LITRO
46	LIMPA CANO SUPER 1 LITRO
47	LIMPA CONCRETO 2 LITROS
49	VEJAX MULTIUSO 2 LITROS
50	VEJAX MULTIUSO 5 LITROS
51	PERFUME PARA BANHEIRO 2 LITROS
52	PERFUME PARA BANHEIRO 5 LITROS
54	ALVEJANTE SEM CLORO 2 LITROS
55	ALVEJANTE SEM CLORO 5 LITROS
56	AMACIANTE DOWNIE 2 LITROS
57	AMACIANTE CONFORTO 2 LITROS
58	AMACIANTE MAMAE BEBE 2 LITROS
60	SABAãÆO LIQUIDO OMUS 2 LITROS
62	SABAãÆO LIQUIDO DE COCO 2 LITROS
63	SABAãÆO LIQUIDO COM BICARBONATO 2 LITROS
65	SABAãÆO LIQUIDO DINAMUS 2 LITROS
66	SABAãÆO LIQUIDO OMUS 5 LITROS
67	SABAO LIQUIDO ARIEX 5 LITROS
68	SABAãÆO LIQUIDO DE COCO 5 LITROS
70	SABAãÆO LIQUIDO DINAMUS 5 LITROS
71	DESINFETANTE FLOR DE CEREJEIRA 2 LITROS
72	DESINFETANTE MARINE 2 LITROS
75	PNEU PRETINHO 500ML
76	PNEU PRETINHO 1 LITRO
77	JET CERA 500ML
78	SHAMPOO COM CERA 2 LITROS
79	SHAMPOO COM CERA 1 LITRO
80	BLOCO DE ESPUMA
82	LIMPA BAU 2 LITROS
83	LIMPA BAU 5 LITROS
84	CLORO GEL 1 LITRO
85	CLORO GEL 2 LITROS
86	CLORO GEL 5 LITROS
87	ALCOOL PERFUMADO CEREJA AVELA 2 LITROS
88	ALCOOL PERFUMADO BAMBOO 2 LITROS
94	ALCOOL PERFUMADO BAMBOO 5 LITROS
95	ALCOOL PERFUMADO CEREJA AVELA 5 LITROS
96	PINHO GEL 2 LITROS
97	PINHO GEL 5 LITROS
98	PASTA DE BRILHO 500GR
99	LIMPA TUDO 5 LITROS
100	LIMPA TUDO 2 LITROS
102	TIRA LIMO 1 LITRO
103	TIRA LIMO 2 LITROS
104	TIRA LIMO 5 LITROS
105	DETERGENTE NEUTRO 1 LITRO
106	DETERGENTE NEUTRO 2 LITROS
107	DETERGENTE NEUTRO 5 LITROS
110	LIMPA ALUMINIO 500ML
111	LIMPA ALUMINIO 1 LITRO
112	LIMPA ALUMINIO 2 LITROS
113	LIMPA ALUMINIO 5 LITROS
114	LIMPA AZULEJO MADEIRA
115	LIMPA AZULEJO PLASTICO
116	LIMPA VIDROS COM CABO
118	RODO PIA
119	PA┬ü DE LIXO DE MAãÆO
121	DESINTUPIDOR DE PIA
122	PA DE LIXO COM CABO
123	VALOR ADICIONAL
124	LIMPA PORCELANATO 500ML
125	VARAL N 10
126	LUVA LATEX M
127	LUVA LATEX G
128	PRENDEDOR PLASTICO
129	PRENDEDOR MADEIRA PEQUENO
130	PRENDEDOR MADEIRA GRANDE
131	BUCHA LAVA LOUAÔÇíAS
132	BUCHA INOX
133	ESCOVA ROUPA MADEIRA
134	ESCOVA ROUPAS PLASTICO ANATOMICA
135	ESCOVA ROUPAS COM ALAÔÇíA
136	BALDE PEDREIRO 8 LITROS
137	BACIA 12 LITROS
138	BACIA 18 LITROS
139	SACO DE LIXO 20 LTS 10UN
141	VASSOURA POP
143	VASSOURA AQUARELA
146	VASSOURA CANTO
147	VASSOURA PELO PANDA
148	VASSOURA RAVENA
149	VASSOURA ESFREGA FORTE
150	RODO PLASTICO 30CM
151	RODO PLASTICO 40CM
152	RODO PLASTICO 60CM
154	VASSOURA TROPICANA
155	LIMPA AZULEJO REFIL PLASTICO
157	DESINTUPIDOR W.C
160	SACO DE LIIXO 40LTS 10UNI
162	SACO DE LIXO 60 LTS 10 UN
164	SACO DE LIXO 100 5UNI
169	SACO DE LIXO 40 LTS 10UN
171	ODORIZANTE PARA CARRO MELANCIA (ROSA)
172	CLORO ATACADO
173	PASSA CERA
174	ALCOOL 70 2L
175	A┬üLCOOL 70 5 LITROS
176	ALCOOL 96 1L
177	ALCOOL 96 2L
178	ALCOOL 96 5L
179	REMOVEDOR 500ML
180	NEW 3/5
183	SHAMPOO COM CERA 5 LITROS
185	PANO ALVEJADO/XADREZ
187	AMACIANTE CONFORTO 5L
188	SACO DE LIXO 100 REF 5UN
190	SABAO LIQUIDO ARIEX 5L
198	CREOLINA 5L
199	CREOLINA 2L
200	CABO MADEIRA 1,2M AVULSO
202	PERFUME PARA ROUPA AMACIEX 2L
203	LIMPA CONCRETO 2LTS
204	PROMOAÔÇíAO 45,00
207	PERFUME PARA ROUPA AMACIEX 5L
209	TAXA ENTREGA
210	AGUA SANITARIA ATACADO
211	ALCOOL 70 2 LITROS
214	PEDRA SANITARIA
217	ALCOOL 70 1L
221	LUSTRA MOVEIS 500ML
222	ANTI MOFO 500ML
225	BALDE 10L
237	LIMPA COURO
241	ANIL
242	SAPONEO
244	MARIDAO CONCENTRADO
246	LIMPA CONCRETO 1L
249	AROMATIZADOR DE AMBIENTE
251	LIMPA CANIL 2 LITROS
254	DETERGENTE NEUTRO ATACADO
255	FLANELA LARANJA MEDIA
260	PANO DE PIA
262	REVITALIZADOR
263	VASSOURA SOFT
266	NAFTALINA
267	LUVA P
274	VEJAX CONCENTRADO
276	LIMPA CANIL 5L
281	ESCOVA SANITARIA
283	LIXEIRA
285	GEL SANITARIO
286	ODORIZANTE DE AMBIENTE BIXINHO
287	AROMATIZANTE
288	AROMATIZANTE DIFUSOR
289	PA EXTRA
291	LIMPA BAU 1 LITRO
294	REMOVEDOR 2L
299	DESINFETANTE MAMAE BEBE 2 LITROS
300	DESINFETANTE JASMIN 5 LITROS
307	CONCENTRATO UBATUBA
308	BARRILHA 1 KILO
315	GATILHO COM EMBALAGEM
316	CANETAO QUADRO BRANCO
317	ALCOOL GEL 5L
321	LIMPA TETO
323	LIMPA VIDROS 500ML
328	MATA INSETO 500ML C GATILHO
333	BACIA 40LTS
334	BALDE 30LTS
335	CESTO TELADO 60LTS
337	DESINFETANTE JASMIN 2 LITROS
341	ESFREGAãÆO GARI
345	REGADOR
346	ALCOOL GEL 500 ML
347	CAIXA ACOPLADA
348	PANO MICROFIBRA
351	LIMPA CARPETE
354	SALADEIRA COM TAMPA
355	LIXEIRINHA
378	BUCHA DE BANHO
379	SACOS DE 200LTS
381	AGUA SANITARIA 5 LITROS
386	LIMPA CONCRETO 5L
389	BALDE 15L
390	VASSOURA GRAN MESTRA
394	VASSOURA PIAAÔÇíAVA GLOBO
397	PEDRA ANTIMOFO
398	TIRA MANCHA DE ROUPA
399	AGUA SANITARIA 2 LITROS
407	SILICONE 250GR
411	SHAMPOO COM CERA 5 LITROS
412	LIMPA PAINEL 500 ML
413	SOLUPAM ATACADO
415	VARRE TETO
416	VASSOURA DE BRUXA
417	SABAO QUEROSENE 2 LITROS
418	SACO 5 UNIDADE REFORAÔÇíADO
419	SABAO CASEIRO 350 GR
422	VASSOURA VERONA PLUS
423	PERCABONATO 1KG
424	DESENGRAXANTE
430	DESINGRAXANTE 2 LITROS
439	DESINGRAXANTE 5 LITROS
440	KIT PROMOCIONAL 50 REAIS
441	PERCARBONATO 500GR
427428	TAPETE
427430	PERFUME PARA ROUPA AMACIEX 1L
427431	FLANELA BRANCA MEDIA
427432	VEJAX MULTIUSO SPARKLING 2 LITROS
427433	VEJAX MULTIUSO SPARKLING 1 LITRO
427434	ODORIZANTE PARA CARRO TROUSSARDI (AZUL)
427440	AMACIANTE DOWNIE 5L
427441	ALCOOL PERFUMADO MAAÔÇíA CANELA 5 LITROS
427442	MTC 5LTS
427444	DESINFETANTE MARINE 5 LITROS
427445	LIMPA CARPETE 2 LITROS
427446	DESENGRAXANTE 5 LITROS
427447	CESTO TELADO 12 LTS
427448	ALCOOL PERFUMADO MAAÔÇíA CANELA 2 LITROS
427449	CONCENTRATO TULIPA NEGRA
427450	CONCENTRATO CHA BRANCO
427451	CONCENTRATO FLORAL
427452	CONCENTRATO LAVANDA
427453	CONCENTRATO MARINE
427454	CONCENTRATO GIOVANNA
427455	CONCENTRATO FLORES DO CAMPO
427456	ALCOOL 70 500ML
427457	PULVERIZADOR
